-- --------------------------------------------------------
-- Host:                         127.0.0.1
-- Versione server:              8.0.27 - MySQL Community Server - GPL
-- S.O. server:                  Win64
-- HeidiSQL Versione:            11.3.0.6295
-- --------------------------------------------------------

/*!40101 SET @OLD_CHARACTER_SET_CLIENT=@@CHARACTER_SET_CLIENT */;
/*!40101 SET NAMES utf8 */;
/*!50503 SET NAMES utf8mb4 */;
/*!40014 SET @OLD_FOREIGN_KEY_CHECKS=@@FOREIGN_KEY_CHECKS, FOREIGN_KEY_CHECKS=0 */;
/*!40101 SET @OLD_SQL_MODE=@@SQL_MODE, SQL_MODE='NO_AUTO_VALUE_ON_ZERO' */;
/*!40111 SET @OLD_SQL_NOTES=@@SQL_NOTES, SQL_NOTES=0 */;


-- Dump della struttura del database digitaldonation
DROP DATABASE IF EXISTS `digitaldonation`;
CREATE DATABASE IF NOT EXISTS `digitaldonation` /*!40100 DEFAULT CHARACTER SET utf8mb4 COLLATE utf8mb4_0900_ai_ci */ /*!80016 DEFAULT ENCRYPTION='N' */;
USE `digitaldonation`;

-- Dump della struttura di tabella digitaldonation.donatore
DROP TABLE IF EXISTS `donatore`;
CREATE TABLE IF NOT EXISTS `donatore` (
  `data_di_nascita` datetime(6) DEFAULT NULL,
  `luogo_di_nascita` varchar(255) DEFAULT NULL,
  `residenza` varchar(255) DEFAULT NULL,
  `codice_fiscale_utente` varchar(255) NOT NULL,
  PRIMARY KEY (`codice_fiscale_utente`),
  CONSTRAINT `FK8k8dbpwjlwoq8bgcxifolut62` FOREIGN KEY (`codice_fiscale_utente`) REFERENCES `utente` (`codice_fiscale_utente`)
) ENGINE=InnoDB DEFAULT CHARSET=utf8mb4 COLLATE=utf8mb4_0900_ai_ci;

-- Dump dei dati della tabella digitaldonation.donatore: ~0 rows (circa)
DELETE FROM `donatore`;
/*!40000 ALTER TABLE `donatore` DISABLE KEYS */;
INSERT INTO `donatore` (`data_di_nascita`, `luogo_di_nascita`, `residenza`, `codice_fiscale_utente`) VALUES
	('1929-09-17 00:00:00.000000', 'Peccioli', 'Cerami', 'ABRBAK53R70D887T'),
	('1950-04-29 00:00:00.000000', 'Casanova Lerrone', 'San Giovanni in Galdo', 'ACNCZY45X38I793C'),
	('1934-10-09 00:00:00.000000', 'Breia', 'Buttigliera d\'Asti', 'AFCLCW22Z02F362J'),
	('1908-01-13 00:00:00.000000', 'San Paolo Solbrito', 'Capriglio', 'AFKIWW94S77T163B'),
	('1956-12-06 00:00:00.000000', 'Monchio delle Corti', 'Santi Cosma e Damiano', 'AIEVGN44I74X492I'),
	('2009-01-23 00:00:00.000000', 'La Maddalena', 'Grezzana', 'AJQJLS56M07J753M'),
	('1916-06-03 00:00:00.000000', 'Cabiate', 'Negrar', 'AMTBQC45M52C400Q'),
	('1978-02-22 00:00:00.000000', 'Nimis', 'Castelletto Stura', 'AMWZEY46X20K485B'),
	('1958-08-04 00:00:00.000000', 'Stigliano', 'Calcio', 'ANRYMC87A14O149N'),
	('1966-01-25 00:00:00.000000', 'Fregona', 'Lucca Sicula', 'AOZDOS40J61Z599K'),
	('1986-06-11 00:00:00.000000', 'Torre de\' Picenardi', 'Rosazza', 'AUMNCM18X04O772I'),
	('1959-06-17 00:00:00.000000', 'Castagnole delle Lanze', 'Monte di Procida', 'AUPTZX75E21Y698F'),
	('2006-05-22 00:00:00.000000', 'Ciorlano', 'Borgo Priolo', 'BADTSS96B80Y712H'),
	('2003-01-18 00:00:00.000000', 'Pomponesco', 'Barrea', 'BSDIGA33S44F574I'),
	('1960-02-13 00:00:00.000000', 'Capranica', 'Colle Sannita', 'BSRZSP35I62U346C'),
	('1983-05-26 00:00:00.000000', 'Isola Sant\'Antonio', 'Aglientu', 'BXLDEV64R23F850I'),
	('1908-02-03 00:00:00.000000', 'Montecatini-Terme', 'San Salvatore Telesino', 'BXUMQW54E66K020J'),
	('1991-02-14 00:00:00.000000', 'Quartucciu', 'Megliadino San Vitale', 'CJRWOS59E43S947J'),
	('1916-06-25 00:00:00.000000', 'Cunardo', 'Lucignano', 'CPQHVR51M18L075S'),
	('1918-10-17 00:00:00.000000', 'Percile', 'L\'Aquila', 'CPZGOX92W55R634A'),
	('2015-04-03 00:00:00.000000', 'Poggio Sannita', 'Torricella Sicura', 'CQBRSZ33B55J432D'),
	('1929-08-10 00:00:00.000000', 'Ordona', 'Vialfrè', 'CRTELM03I78U973V'),
	('1951-11-27 00:00:00.000000', 'Fagnano Olona', 'Pieve Albignola', 'CTQPOF53B48I476X'),
	('1958-10-13 00:00:00.000000', 'Carignano', 'Scampitella', 'CYCSGW22E82G055S'),
	('1953-08-02 00:00:00.000000', 'Pontechianale', 'Montalcino', 'DIEQVS99Z81U092J'),
	('1998-07-26 00:00:00.000000', 'Santa Croce di Magliano', 'Ausonia', 'DIHDFM02V44Z910H'),
	('1965-11-13 00:00:00.000000', 'Nova Siri', 'Carrega Ligure', 'DRWNBO41U54W681O'),
	('1938-05-22 00:00:00.000000', 'Pieve Fosciana', 'Grottolella', 'DSRFHG09R02U816Q'),
	('1991-04-18 00:00:00.000000', 'San Gregorio d\'Ippona', 'Briatico', 'EBQWWQ72N76K419P'),
	('1918-04-16 00:00:00.000000', 'Sant\'Elena', 'Maiolo', 'EFPCWP42J08O567B'),
	('1969-11-26 00:00:00.000000', 'Tocco da Casauria', 'Bieno', 'EJDRLM98P69U647J'),
	('1916-04-22 00:00:00.000000', 'Villastellone', 'Montenero Val Cocchiara', 'EPQUUS24M55U586T'),
	('2014-03-06 00:00:00.000000', 'Monteparano', 'Vigolo', 'ERXPPW88E58L155Q'),
	('2013-12-03 00:00:00.000000', 'Tornolo', 'Verbicaro', 'ETLHNP74E52P762H'),
	('1912-08-18 00:00:00.000000', 'Sant\'Alessio in Aspromonte', 'Stia', 'ETPKNY60D30A297C'),
	('1903-10-20 00:00:00.000000', 'Malles Venosta', 'Colledara', 'EYXTDG50U32Q553T'),
	('1929-08-12 00:00:00.000000', 'Senise', 'Cortemilia', 'EZQCAB88M99Q488E'),
	('1910-05-07 00:00:00.000000', 'Basaluzzo', 'Crucoli', 'FBEZOF66R67M619Y'),
	('2019-01-15 00:00:00.000000', 'Broccostella', 'Ragusa', 'FCQNTT79W71Y805W'),
	('2003-01-17 00:00:00.000000', 'Borgomanero', 'Riva Ligure', 'FEVVNQ05P39L775J'),
	('1980-11-09 00:00:00.000000', 'Montecilfone', 'Conselice', 'FJTPJG35T42X800K'),
	('1960-03-09 00:00:00.000000', 'Nocciano', 'Daiano', 'FJZMGJ64N58U909W'),
	('1944-10-07 00:00:00.000000', 'Portocannone', 'Roccafranca', 'FRAKOC90T28K005U'),
	('1990-10-16 00:00:00.000000', 'Ranco', 'Castelletto di Branduzzo', 'FSYFZQ05T16K383F'),
	('1962-07-07 00:00:00.000000', 'Carrù', 'Fontanile', 'FTZUCG23Z67L413J'),
	('1939-08-27 00:00:00.000000', 'Magasa', 'Melzo', 'FVKDHX64J34R654Q'),
	('1915-11-08 00:00:00.000000', 'Osini', 'Troia', 'FXPEJP85M05Z429Y'),
	('1960-02-08 00:00:00.000000', 'Introdacqua', 'Corvara', 'FXRNXS07S51O975V'),
	('1976-02-01 00:00:00.000000', 'Jesi', 'Nogaredo', 'FZYIZT43L29R816N'),
	('1901-07-14 00:00:00.000000', 'Arona', 'Isolabella', 'GDKWJG83L47B021Y'),
	('1975-06-21 00:00:00.000000', 'Rizziconi', 'Morra De Sanctis', 'GFLPZM21W42D576H'),
	('1903-11-09 00:00:00.000000', 'Paluzza', 'San Gregorio d\'Ippona', 'GJQJVO90E95W685Q'),
	('1910-10-15 00:00:00.000000', 'Statte', 'Lugo', 'GKXQEO12G85E414C'),
	('1927-07-11 00:00:00.000000', 'Campomorone', 'Vigolo', 'GSODKF52Q79J146F'),
	('1969-07-31 00:00:00.000000', 'Rocca de\' Baldi', 'Issime', 'GSUKKX83D99T933N'),
	('1952-01-30 00:00:00.000000', 'Atena Lucana', 'Telese Terme', 'GUTRRM05V65I471K'),
	('1960-06-06 00:00:00.000000', 'Pompeiana', 'Alatri', 'GWDMCR67P92N206Y'),
	('1990-07-27 00:00:00.000000', 'Sessano del Molise', 'Durazzano', 'HAQZYO62I08V198R'),
	('1995-06-13 00:00:00.000000', 'Rocca Canterano', 'Venzone', 'HIBETE99S52J688U'),
	('1911-04-09 00:00:00.000000', 'Pontedera', 'Arona', 'HJAXHW79O66V204S'),
	('1924-07-31 00:00:00.000000', 'San Lorenzo in Campo', 'Pontecurone', 'HKAKIX77G56M068K'),
	('1987-08-14 00:00:00.000000', 'Ronco Biellese', 'Montefusco', 'HKFHRG75Y14C209A'),
	('1981-12-08 00:00:00.000000', 'Calolziocorte', 'Palo del Colle', 'HLOVUL79R56Z165M'),
	('1931-12-27 00:00:00.000000', 'Marzano', 'Bolgare', 'HMLXEZ35F14T532L'),
	('1990-07-02 00:00:00.000000', 'Bonavigo', 'Grezzana', 'HNSWWR08U32I393Y'),
	('1958-11-22 00:00:00.000000', 'Tramonti', 'Paternopoli', 'HYTYOC55C92X967F'),
	('1934-09-28 00:00:00.000000', 'Soriso', 'Acquaviva Platani', 'IBJGHX86V61M241E'),
	('1945-08-16 00:00:00.000000', 'San Polo di Piave', 'Mombello Monferrato', 'IBKYQY32J05R774N'),
	('1907-04-04 00:00:00.000000', 'Ricaldone', 'Preone', 'IGWTIV89I11A167I'),
	('1925-11-29 00:00:00.000000', 'Castagnaro', 'Sant\'Agnello', 'IIYNRE75S69L971E'),
	('1999-02-05 00:00:00.000000', 'Castelleone di Suasa', 'Crespadoro', 'IKKIGU30K80W872U'),
	('1922-10-31 00:00:00.000000', 'Novara', 'Cerami', 'INJTXK08I21Q383G'),
	('2003-07-30 00:00:00.000000', 'Altofonte', 'Ponna', 'IPZTZK21U52F309R'),
	('2002-08-30 00:00:00.000000', 'Piacenza', 'Albonese', 'IVBCIL23S54K284Q'),
	('2011-08-25 00:00:00.000000', 'Campora', 'Portocannone', 'IWSNKZ87T42T901C'),
	('2001-01-29 00:00:00.000000', 'Barbianello', 'Frassinelle Polesine', 'JCJXIW27C64O157P'),
	('2019-09-25 00:00:00.000000', 'Ollastra', 'Cavallino-Treporti', 'JFPYUG81C64M351X'),
	('1967-03-05 00:00:00.000000', 'Santa Giustina in Colle', 'Diano Marina', 'JMUSKI16S32F908B'),
	('1938-08-30 00:00:00.000000', 'Balestrino', 'Lonate Pozzolo', 'KACTCK80Z15K017D'),
	('1985-04-01 00:00:00.000000', 'Lugo', 'Moncalvo', 'KGGALM00L79V027Y'),
	('1951-03-11 00:00:00.000000', 'Allumiere', 'None', 'KLWKXR65E26Y719U'),
	('1964-12-01 00:00:00.000000', 'Colbordolo', 'Olivetta San Michele', 'KUJNYJ89Q70W122U'),
	('1971-11-14 00:00:00.000000', 'Tusa', 'Guardia Piemontese', 'LCSSLB82K07W738K'),
	('1927-04-15 00:00:00.000000', 'Spinazzola', 'Sermide', 'LEQXMH35X84R190L'),
	('1925-10-30 00:00:00.000000', 'Monvalle', 'Sissa', 'LHFVQH78Z66H669M'),
	('1992-01-31 00:00:00.000000', 'Castelsantangelo sul Nera', 'Montanaro', 'LMFNLD52F75Z670K'),
	('1994-12-30 00:00:00.000000', 'Cirò', 'Militello Rosmarino', 'LQGBZM63G26Z012A'),
	('1931-09-24 00:00:00.000000', 'Dogna', 'Aiello del Friuli', 'LUOPCG95S31N907C'),
	('1951-04-20 00:00:00.000000', 'Colfelice', 'Reino', 'MAULEE40Q51U339O'),
	('1978-05-03 00:00:00.000000', 'Lucito', 'Capriglio', 'MCZZEI10X58A139Z'),
	('2004-03-04 00:00:00.000000', 'Alfano', 'Trissino', 'MKDMPW68X18X526N'),
	('1912-07-31 00:00:00.000000', 'Montegiordano', 'Molare', 'MKIGKK85F60Z902C'),
	('1933-01-25 00:00:00.000000', 'Ordona', 'Isola Sant\'Antonio', 'MKNJQV76G86G783F'),
	('1924-02-17 00:00:00.000000', 'Montignoso', 'Maggiora', 'MMRDCZ43P66U748R'),
	('1928-12-27 00:00:00.000000', 'Castel Sant\'Elia', 'Cerreto d\'Esi', 'MPFOGV51O71N203Y'),
	('1975-04-24 00:00:00.000000', 'Pomaretto', 'Craveggia', 'MPZROG24I74N151S'),
	('1981-12-01 00:00:00.000000', 'Sant\'Angelo a Cupolo', 'Campli', 'MQMEDD18A47S046C'),
	('1933-11-28 00:00:00.000000', 'San Giovanni in Croce', 'Castiglione di Garfagnana', 'MWCZZR57R80B899O'),
	('1913-05-25 00:00:00.000000', 'Paulilatino', 'Sabbia', 'MZKPLY91G82X226G'),
	('1960-10-13 00:00:00.000000', 'Pradamano', 'Uta', 'NOAUUU95T61N042C'),
	('1987-08-01 00:00:00.000000', 'Monticelli Pavese', 'Cossano Canavese', 'NOCIJU71Z27G599J'),
	('1974-08-25 00:00:00.000000', 'Mercato Saraceno', 'Laino Borgo', 'NQIHEZ50U90H229L'),
	('1911-06-22 00:00:00.000000', 'Rapallo', 'Calvello', 'NXCJGB59S74L521A'),
	('1935-03-20 00:00:00.000000', 'Naturno', 'Cisano sul Neva', 'NXPDHF06G04T929Z'),
	('1941-12-24 00:00:00.000000', 'Ciciliano', 'Cembra', 'ODFBOM50I89S383O'),
	('1968-03-01 00:00:00.000000', 'Naturno', 'Vittorio Veneto', 'OEICRO17Y45Y955D'),
	('1908-09-30 00:00:00.000000', 'Platì', 'Maruggio', 'OIERKJ04M22W495L'),
	('1977-03-21 00:00:00.000000', 'Castelbaldo', 'Sant\'Angelo Lodigiano', 'OIKPQU44W63N339Q'),
	('2002-10-13 00:00:00.000000', 'Taglio di Po', 'Altavilla Milicia', 'OKJDKE97C93H492W'),
	('1983-04-22 00:00:00.000000', 'Soncino', 'Cupra Marittima', 'OKOWMG99W27B336Y'),
	('1989-05-20 00:00:00.000000', 'Masate', 'Cerreto Castello', 'OMFLLZ32U12K296N'),
	('2000-04-06 00:00:00.000000', 'Panchià', 'Forio', 'OMNXHO82S27R749I'),
	('2005-09-09 00:00:00.000000', 'San Marcellino', 'Calangianus', 'ONAPQT01E54N539S'),
	('2016-08-25 00:00:00.000000', 'Andretta', 'Passignano sul Trasimeno', 'OOOIIX69H53P278A'),
	('1995-07-03 00:00:00.000000', 'Bozzolo', 'Nasino', 'ORQVWO77Y86Y948D'),
	('2002-07-01 00:00:00.000000', 'Torrebelvicino', 'Dolo', 'OUJWKH69L34J200B'),
	('1989-01-19 00:00:00.000000', 'Albaretto della Torre', 'Roana', 'OXPBKL22D39C789P'),
	('1909-02-05 00:00:00.000000', 'Besozzo', 'San Fior', 'OYAHEF81M30W237F'),
	('1905-11-15 00:00:00.000000', 'Pescate', 'Stintino', 'PAVLXJ68M88G891R'),
	('1951-07-09 00:00:00.000000', 'Leonforte', 'Statte', 'PDVANF94E04O348K'),
	('1939-04-06 00:00:00.000000', 'Folgaria', 'Gambatesa', 'PEGNWZ95Q16X184L'),
	('1987-06-30 00:00:00.000000', 'Monastir', 'Monguelfo-Tesido', 'PFSZCZ89B67G251S'),
	('1964-12-13 00:00:00.000000', 'Torri di Quartesolo', 'Noci', 'PIBGIC97O60F916U'),
	('1921-06-22 00:00:00.000000', 'Ponzano Monferrato', 'Capalbio', 'PJANPY63Y82W321N'),
	('2011-08-07 00:00:00.000000', 'Neviano', 'Riolunato', 'PJJJJY72F22V517E'),
	('2018-04-06 00:00:00.000000', 'Codrongianos', 'Montefalcone nel Sannio', 'PVAURT63M65R625C'),
	('1902-10-20 00:00:00.000000', 'Rossana', 'Caselette', 'PVXDUP73N32L516P'),
	('1956-07-18 00:00:00.000000', 'Bovolone', 'Paceco', 'QFGPEN86A70J090Q'),
	('1941-10-13 00:00:00.000000', 'Cossombrato', 'Bergamasco', 'QISWRD17C05D102O'),
	('1975-02-18 00:00:00.000000', 'San Marco la Catola', 'Nanno', 'QKEUZV45B87S193P'),
	('2004-09-17 00:00:00.000000', 'Pedavena', 'Montalbano Elicona', 'QQRFLF61I22G815E'),
	('2009-10-21 00:00:00.000000', 'Nogaredo', 'Saccolongo', 'QRIKGC82U99E075V'),
	('1942-09-18 00:00:00.000000', 'Casargo', 'Ponte in Valtellina', 'QVBPUH43D17M505X'),
	('2009-11-23 00:00:00.000000', 'Cassina de\' Pecchi', 'Renate', 'RJTEHX70E64H813F'),
	('1922-02-18 00:00:00.000000', 'Altare', 'Genoni', 'RMDJZM34Z55D892O'),
	('1937-10-07 00:00:00.000000', 'Parabiago', 'San Giovanni Valdarno', 'RWSDKA85C96N935A'),
	('2019-04-16 00:00:00.000000', 'Riola Sardo', 'Pozzol Groppo', 'RXBZXW01O95S065X'),
	('1979-02-04 00:00:00.000000', 'Santo Stefano Roero', 'Pontecurone', 'RZMXHF87E76B749L'),
	('1928-11-14 00:00:00.000000', 'Casalnoceto', 'Sissa', 'SBCZCR89D44T109X'),
	('1946-10-08 00:00:00.000000', 'Rivara', 'Radicofani', 'SFRIHY31R29A967R'),
	('1934-10-17 00:00:00.000000', 'Lequile', 'Frassinelle Polesine', 'SFUDKA52Z20F536J'),
	('1910-01-10 00:00:00.000000', 'Priero', 'Meda', 'SNLGHM96N81Z900P'),
	('1932-01-10 00:00:00.000000', 'Vastogirardi', 'Foligno', 'SNXTNF57Y98S239V'),
	('1919-01-07 00:00:00.000000', 'Vernante', 'Santo Stefano di Cadore', 'SNZOUN56E28B783E'),
	('1921-11-30 00:00:00.000000', 'Falvaterra', 'San Martino di Finita', 'SVVZGT69A78N465Q'),
	('1922-05-14 00:00:00.000000', 'Capistrello', 'Quarona', 'SXZLPF13V53G737U'),
	('1995-07-21 00:00:00.000000', 'Roverè Veronese', 'Gairo', 'TBXZOH82E70F819P'),
	('1986-03-20 00:00:00.000000', 'Menfi', 'Murazzano', 'TEBSGN67P86N048I'),
	('1921-12-11 00:00:00.000000', 'Frassino', 'Castel d\'Ario', 'TELAHN26K91G621F'),
	('1951-08-10 00:00:00.000000', 'Fascia', 'Rossana', 'TMWIBA75N14Y647K'),
	('1987-01-03 00:00:00.000000', 'Vitorchiano', 'Loculi', 'TNMMNU69Q38K304K'),
	('1950-02-11 00:00:00.000000', 'Vastogirardi', 'Viagrande', 'TQOMBT73D10O537I'),
	('1958-10-30 00:00:00.000000', 'Tricarico', 'Caselette', 'TTQGBS35D82A338S'),
	('2004-08-12 00:00:00.000000', 'Ponso', 'Serravalle a Po', 'TVNHZB09V39M656U'),
	('1978-02-18 00:00:00.000000', 'Saint-Rhémy-en-Bosses', 'Portofino', 'TWYKJM89I20W098X'),
	('1961-04-21 00:00:00.000000', 'Lusernetta', 'San Marco D\'Alunzio', 'TYFCMX34C99W419U'),
	('1987-11-17 00:00:00.000000', 'Lendinara', 'Casalgrande', 'TYWZIS87Z46E155B'),
	('1934-08-15 00:00:00.000000', 'Lainate', 'Capraia Isola', 'UAIQAH29X91Y254N'),
	('2006-11-24 00:00:00.000000', 'Castel d\'Ario', 'Monteleone Rocca Doria', 'UAWLPA37B77W581L'),
	('2017-04-20 00:00:00.000000', 'Camposanto', 'Giba', 'UBFGVB53N01X584O'),
	('1909-02-08 00:00:00.000000', 'Bonavigo', 'San Lorenzo', 'UFDBMC22M12X575H'),
	('1967-09-22 00:00:00.000000', 'Corio', 'Giba', 'UIQYXQ93S30U602K'),
	('1921-10-17 00:00:00.000000', 'San Giorgio Albanese', 'Oyace', 'UMIHVS98B02M803N'),
	('2001-11-09 00:00:00.000000', 'Formia', 'Villa Sant\'Antonio', 'UNLOFV17Z72C061S'),
	('2019-01-16 00:00:00.000000', 'Bisaccia', 'Salza di Pinerolo', 'URIZLT80N33R070Y'),
	('2010-01-17 00:00:00.000000', 'Santa Maria di Licodia', 'Viguzzolo', 'UXKOTD97E55L578D'),
	('2019-12-12 00:00:00.000000', 'Cariati', 'Montelongo', 'VETDUZ73X56K305L'),
	('1920-03-24 00:00:00.000000', 'Canino', 'Massa e Cozzile', 'VLNVVS97W01P636W'),
	('1905-10-21 00:00:00.000000', 'Morbello', 'Vo\'', 'VMFXQK81J71F406D'),
	('1996-02-27 00:00:00.000000', 'Vanzago', 'Guglionesi', 'VNJBTI04Q19G634V'),
	('1975-03-02 00:00:00.000000', 'Porto Sant\'Elpidio', 'Santomenna', 'VNJIGP43W10L504I'),
	('1956-10-21 00:00:00.000000', 'Torrenova', 'Anoia', 'VQUXZY80D23L085F'),
	('1916-01-16 00:00:00.000000', 'Lurate Caccivio', 'Borgolavezzaro', 'VUVXIA94R68J392R'),
	('1923-05-03 00:00:00.000000', 'Martirano Lombardo', 'Dego', 'VVITXU29Q14Z877L'),
	('1963-08-25 00:00:00.000000', 'Santa Maria Hoè', 'Vaprio d\'Adda', 'WETDCF27X03E199L'),
	('1952-09-14 00:00:00.000000', 'Assago', 'Alleghe', 'WIYPHE01J01W518Y'),
	('1910-06-15 00:00:00.000000', 'Cavallasca', 'Albiolo', 'WNWEDS81P07G121A'),
	('1951-03-08 00:00:00.000000', 'Gualtieri', 'Bastida de\' Dossi', 'WOKVOS23M86W827Z'),
	('1996-06-19 00:00:00.000000', 'Jolanda di Savoia', 'Miranda', 'WXZFUC62C69U420N'),
	('1927-06-06 00:00:00.000000', 'Montalto Dora', 'Prepotto', 'WZFRIU67K80Z050D'),
	('1977-01-16 00:00:00.000000', 'Ghislarengo', 'Lagonegro', 'WZTFXI03E76N263P'),
	('2012-06-11 00:00:00.000000', 'Beura-Cardezza', 'Fratta Polesine', 'XGFLGV04I07H097Z'),
	('1916-01-03 00:00:00.000000', 'Nova Siri', 'Monte Grimano Terme', 'XKMNCD84J32I697Z'),
	('1928-05-21 00:00:00.000000', 'Sorbo Serpico', 'Paularo', 'XTSAJE48T70F647U'),
	('1935-01-30 00:00:00.000000', 'Scampitella', 'Castelletto Cervo', 'XYGNWB69C96U044D'),
	('1902-05-17 00:00:00.000000', 'Palazzolo dello Stella', 'Roncobello', 'XZGIGS27H67V477P'),
	('2011-05-07 00:00:00.000000', 'Agordo', 'Niella Belbo', 'YEDDFT28T74M903N'),
	('1979-12-17 00:00:00.000000', 'Castelnuovo di Conza', 'Montano Lucino', 'YEDGZK87F05Q016W'),
	('1929-03-14 00:00:00.000000', 'Lainate', 'Brezzo di Bedero', 'YGUSCZ78A62D145W'),
	('1987-04-09 00:00:00.000000', 'Cassine', 'Rocca Santa Maria', 'YMVPPS88P64Z371B'),
	('1956-06-10 00:00:00.000000', 'La Maddalena', 'Montegrino Valtravaglia', 'YQELJK33K33N984S'),
	('1988-05-12 00:00:00.000000', 'Adrara San Rocco', 'Cucciago', 'YRGRID44G71K419N'),
	('2009-05-12 00:00:00.000000', 'Vezzano', 'Castelnuovo Magra', 'YWTZEE28H83I988S'),
	('1962-06-24 00:00:00.000000', 'Giustenice', 'Aliano', 'YYBIVS32W60P363A'),
	('2006-11-05 00:00:00.000000', 'Zenson di Piave', 'Olgiate Molgora', 'ZINMEA60S84U503K'),
	('1995-10-24 00:00:00.000000', 'San Giovanni in Galdo', 'Frassinelle Polesine', 'ZJDGXE58R79E725K'),
	('2005-02-23 00:00:00.000000', 'Pizzo', 'Vittorio Veneto', 'ZNWOCQ02K45T351J'),
	('1990-03-21 00:00:00.000000', 'Caravaggio', 'Rocca di Cambio', 'ZOIHEV75J70E000A'),
	('1902-01-03 00:00:00.000000', 'Cortina d\'Ampezzo', 'Serracapriola', 'ZWWKHN19G87U931O'),
	('2007-07-23 00:00:00.000000', 'Baratili San Pietro', 'Vicoforte', 'ZXTXIT88L92J699V');
/*!40000 ALTER TABLE `donatore` ENABLE KEYS */;

-- Dump della struttura di tabella digitaldonation.donazione
DROP TABLE IF EXISTS `donazione`;
CREATE TABLE IF NOT EXISTS `donazione` (
  `id_donazione` bigint NOT NULL,
  `data_donazione` datetime(6) DEFAULT NULL,
  `tipo_donazione` varchar(255) DEFAULT NULL,
  `tesserino_id_tessera` bigint DEFAULT NULL,
  PRIMARY KEY (`id_donazione`),
  KEY `FKofhudahq9ll6b4thno8fl6vgd` (`tesserino_id_tessera`),
  CONSTRAINT `FKofhudahq9ll6b4thno8fl6vgd` FOREIGN KEY (`tesserino_id_tessera`) REFERENCES `tesserino` (`id_tessera`)
) ENGINE=InnoDB DEFAULT CHARSET=utf8mb4 COLLATE=utf8mb4_0900_ai_ci;

-- Dump dei dati della tabella digitaldonation.donazione: ~0 rows (circa)
DELETE FROM `donazione`;
/*!40000 ALTER TABLE `donazione` DISABLE KEYS */;
INSERT INTO `donazione` (`id_donazione`, `data_donazione`, `tipo_donazione`, `tesserino_id_tessera`) VALUES
	(721, '2021-12-31 17:58:32.213000', 'NHPAYWPZ', 255),
	(722, '2021-12-31 17:58:32.245000', 'YCKJNXERS', 9),
	(723, '2021-12-31 17:58:32.286000', 'OVBRDRS', 327),
	(724, '2021-12-31 17:58:32.325000', 'KGHIL', 458),
	(725, '2021-12-31 17:58:32.353000', 'HPNRAMGBD', 111),
	(726, '2021-12-31 17:58:32.391000', 'IRRPW', 414),
	(727, '2021-12-31 17:58:32.429000', 'DQIYK', 466),
	(728, '2021-12-31 17:58:32.466000', 'NNYJKJZ', 146),
	(729, '2021-12-31 17:58:32.663000', 'FTEOH', 412),
	(730, '2021-12-31 17:58:32.768000', 'XAMPM', 621),
	(731, '2021-12-31 17:58:32.834000', 'ULTROJT', 117),
	(732, '2021-12-31 17:58:32.901000', 'XNXSSER', 460),
	(733, '2021-12-31 17:58:32.928000', 'RDLIOLGGF', 222),
	(734, '2021-12-31 17:58:32.964000', 'IIISTSKJP', 240),
	(735, '2021-12-31 17:58:32.998000', 'PHTQPTVI', 327),
	(736, '2021-12-31 17:58:33.025000', 'LJVYRL', 14),
	(737, '2021-12-31 17:58:33.058000', 'UHYEF', 175),
	(738, '2021-12-31 17:58:33.088000', 'HQQRWJX', 308),
	(739, '2021-12-31 17:58:33.120000', 'MOEGYVEXY', 495),
	(740, '2021-12-31 17:58:33.160000', 'OAFAZEYL', 32),
	(741, '2021-12-31 17:58:33.194000', 'BKBGCUIEV', 141),
	(742, '2021-12-31 17:58:33.223000', 'MMLQI', 466),
	(743, '2021-12-31 17:58:33.253000', 'YCFZWPNPN', 113),
	(744, '2021-12-31 17:58:33.288000', 'FBMQLKVGP', 72),
	(745, '2021-12-31 17:58:33.316000', 'OLNHFYYP', 218),
	(746, '2021-12-31 17:58:33.348000', 'ZITWYS', 221),
	(747, '2021-12-31 17:58:33.386000', 'AYPMVHPX', 128),
	(748, '2021-12-31 17:58:33.414000', 'YZRWLRKJ', 107),
	(749, '2021-12-31 17:58:33.455000', 'SSCHSW', 25),
	(750, '2021-12-31 17:58:33.506000', 'OFHZA', 267),
	(751, '2021-12-31 17:58:33.536000', 'NAIURY', 552),
	(752, '2021-12-31 17:58:33.569000', 'LQHGSDHAK', 491),
	(753, '2021-12-31 17:58:33.605000', 'RRRESTKQH', 182),
	(754, '2021-12-31 17:58:33.636000', 'CZYSU', 373),
	(755, '2021-12-31 17:58:33.665000', 'ZQWFFDER', 606),
	(756, '2021-12-31 17:58:33.698000', 'DCASM', 319),
	(757, '2021-12-31 17:58:33.742000', 'XMNWDBCHY', 641),
	(758, '2021-12-31 17:58:33.776000', 'EBOXSWTX', 93),
	(759, '2021-12-31 17:58:33.809000', 'HAFIWCWD', 9),
	(760, '2021-12-31 17:58:33.844000', 'UZNIBPFX', 553),
	(761, '2021-12-31 17:58:33.876000', 'OQLINFB', 283),
	(762, '2021-12-31 17:58:33.910000', 'OUHPNII', 474),
	(763, '2021-12-31 17:58:33.944000', 'PVYSUX', 341),
	(764, '2021-12-31 17:58:33.982000', 'IDJFVO', 641),
	(765, '2021-12-31 17:58:34.013000', 'YGJWTDZW', 277),
	(766, '2021-12-31 17:58:34.045000', 'XVLSPF', 645),
	(767, '2021-12-31 17:58:34.083000', 'JDZCE', 425),
	(768, '2021-12-31 17:58:34.123000', 'ATVGYB', 577),
	(769, '2021-12-31 17:58:34.154000', 'ULJRAWPCS', 341),
	(770, '2021-12-31 17:58:34.184000', 'FCCNBNVY', 123),
	(771, '2021-12-31 17:58:34.213000', 'EPFJZP', 47),
	(772, '2021-12-31 17:58:34.242000', 'WOGWNPH', 270),
	(773, '2021-12-31 17:58:34.269000', 'YCOXWMHM', 627),
	(774, '2021-12-31 17:58:34.302000', 'QIOJVA', 544),
	(775, '2021-12-31 17:58:34.338000', 'VTIELGA', 397),
	(776, '2021-12-31 17:58:34.370000', 'VUWBL', 160),
	(777, '2021-12-31 17:58:34.399000', 'EFVVOA', 534),
	(778, '2021-12-31 17:58:34.429000', 'QGBJLKEX', 510),
	(779, '2021-12-31 17:58:34.463000', 'KBMJPFF', 506),
	(780, '2021-12-31 17:58:34.533000', 'DLUXYEUJE', 234),
	(781, '2021-12-31 17:58:34.633000', 'MUYAXDF', 290),
	(782, '2021-12-31 17:58:34.668000', 'KHCQXFHI', 58),
	(783, '2021-12-31 17:58:34.692000', 'NLCAOOW', 19),
	(784, '2021-12-31 17:58:34.797000', 'AALMWK', 113),
	(785, '2021-12-31 17:58:34.881000', 'ZEEGW', 222),
	(786, '2021-12-31 17:58:34.942000', 'EUJDG', 270),
	(787, '2021-12-31 17:58:35.017000', 'ONYOGS', 219),
	(788, '2021-12-31 17:58:35.046000', 'CXWNYMNY', 540),
	(789, '2021-12-31 17:58:35.082000', 'YHTEF', 566),
	(790, '2021-12-31 17:58:35.114000', 'ELTNQ', 270),
	(791, '2021-12-31 17:58:35.156000', 'EVZNAE', 218),
	(792, '2021-12-31 17:58:35.194000', 'ZULUR', 141),
	(793, '2021-12-31 17:58:35.222000', 'TGFZQCBFG', 194),
	(794, '2021-12-31 17:58:35.248000', 'PYRIJ', 471),
	(795, '2021-12-31 17:58:35.279000', 'WQJDLRV', 355),
	(796, '2021-12-31 17:58:35.317000', 'IOVEM', 371),
	(797, '2021-12-31 17:58:35.344000', 'OANUNP', 625),
	(798, '2021-12-31 17:58:35.379000', 'WXUFKHYTU', 377),
	(799, '2021-12-31 17:58:35.411000', 'JVUNJJ', 621),
	(800, '2021-12-31 17:58:35.444000', 'UOGYSR', 506),
	(801, '2021-12-31 17:58:35.477000', 'UDXCOVYJV', 329),
	(802, '2021-12-31 17:58:35.527000', 'GLBQBBQJ', 444),
	(803, '2021-12-31 17:58:35.607000', 'VNQWHPOI', 288),
	(804, '2021-12-31 17:58:35.644000', 'LVTGRQYNH', 336),
	(805, '2021-12-31 17:58:35.674000', 'VKSBMH', 466),
	(806, '2021-12-31 17:58:35.699000', 'CCDHH', 141),
	(807, '2021-12-31 17:58:35.728000', 'WVWHTZUL', 338),
	(808, '2021-12-31 17:58:35.760000', 'TBUJMLDG', 380),
	(809, '2021-12-31 17:58:35.785000', 'SDBOTFB', 55),
	(810, '2021-12-31 17:58:35.821000', 'WKQINT', 78),
	(811, '2021-12-31 17:58:35.858000', 'REVDBRQV', 510),
	(812, '2021-12-31 17:58:35.890000', 'UKNXP', 267),
	(813, '2021-12-31 17:58:35.919000', 'ZJCXYDS', 222),
	(814, '2021-12-31 17:58:35.949000', 'YJDXPQQ', 418),
	(815, '2021-12-31 17:58:35.979000', 'KUSQA', 128),
	(816, '2021-12-31 17:58:36.009000', 'CVGEEMA', 406),
	(817, '2021-12-31 17:58:36.040000', 'TNLOBITY', 631),
	(818, '2021-12-31 17:58:36.067000', 'KJFPFIV', 385),
	(819, '2021-12-31 17:58:36.103000', 'MZTEHDNHX', 414),
	(820, '2021-12-31 17:58:36.141000', 'BWHTU', 310),
	(821, '2021-12-31 17:58:36.170000', 'DHSZYKOJL', 610),
	(822, '2021-12-31 17:58:36.200000', 'JQCMZNK', 471),
	(823, '2021-12-31 17:58:36.237000', 'SQUGDC', 552),
	(824, '2021-12-31 17:58:36.271000', 'SMNMLOQMA', 93),
	(825, '2021-12-31 17:58:36.295000', 'GAQHQCL', 324),
	(826, '2021-12-31 17:58:36.336000', 'QDRXSVJEF', 295),
	(827, '2021-12-31 17:58:36.365000', 'AJFCFAEGK', 596),
	(828, '2021-12-31 17:58:36.393000', 'KEITCB', 568),
	(829, '2021-12-31 17:58:36.424000', 'QDSQA', 78),
	(830, '2021-12-31 17:58:36.452000', 'EJNOKV', 588),
	(831, '2021-12-31 17:58:36.491000', 'ESYWA', 275),
	(832, '2021-12-31 17:58:36.554000', 'RHUKP', 186),
	(833, '2021-12-31 17:58:36.595000', 'HKQWN', 310),
	(834, '2021-12-31 17:58:36.637000', 'HSREMKZUU', 400),
	(835, '2021-12-31 17:58:36.669000', 'POHWRAEYT', 588),
	(836, '2021-12-31 17:58:36.700000', 'YKQBDI', 460),
	(837, '2021-12-31 17:58:36.740000', 'QICQXI', 19),
	(838, '2021-12-31 17:58:36.774000', 'AUKKMK', 302),
	(839, '2021-12-31 17:58:36.806000', 'IXYJXO', 146),
	(840, '2021-12-31 17:58:36.846000', 'UZIJNEFUO', 361),
	(841, '2021-12-31 17:58:36.874000', 'KPDADWN', 429),
	(842, '2021-12-31 17:58:36.915000', 'EEYYAH', 163),
	(843, '2021-12-31 17:58:36.947000', 'DVSFG', 208),
	(844, '2021-12-31 17:58:36.976000', 'SACFIFOFS', 397),
	(845, '2021-12-31 17:58:37.009000', 'BMUFYFCX', 70),
	(846, '2021-12-31 17:58:37.039000', 'FZBWQNH', 66),
	(847, '2021-12-31 17:58:37.064000', 'YUTVIIP', 4),
	(848, '2021-12-31 17:58:37.102000', 'DMHBGBDA', 371),
	(849, '2021-12-31 17:58:37.136000', 'HKAMYB', 47),
	(850, '2021-12-31 17:58:37.235000', 'NCETZU', 341),
	(851, '2021-12-31 17:58:37.372000', 'ZTEUTTSFD', 55),
	(852, '2021-12-31 17:58:37.442000', 'WAGHRLU', 163),
	(853, '2021-12-31 17:58:37.526000', 'KCLVKCM', 435),
	(854, '2021-12-31 17:58:37.592000', 'QJQFDTY', 540),
	(855, '2021-12-31 17:58:37.642000', 'FHOZB', 665),
	(856, '2021-12-31 17:58:37.674000', 'PTPPHWKM', 324),
	(857, '2021-12-31 17:58:37.707000', 'CPFPWNDVW', 169),
	(858, '2021-12-31 17:58:37.741000', 'NFBZGA', 341),
	(859, '2021-12-31 17:58:37.773000', 'SDUWFMQ', 351),
	(860, '2021-12-31 17:58:37.806000', 'DIPBRD', 544),
	(861, '2021-12-31 17:58:37.831000', 'KUKKZMDA', 546),
	(862, '2021-12-31 17:58:37.863000', 'DHAUYZSLM', 135),
	(863, '2021-12-31 17:58:37.901000', 'YTCMM', 182),
	(864, '2021-12-31 17:58:37.932000', 'UCAWH', 463),
	(865, '2021-12-31 17:58:37.992000', 'HFXEKWD', 252),
	(866, '2021-12-31 17:58:38.028000', 'OWYXYKYC', 113),
	(867, '2021-12-31 17:58:38.061000', 'EZGWFYGQH', 14),
	(868, '2021-12-31 17:58:38.085000', 'KFXHTUSB', 35),
	(869, '2021-12-31 17:58:38.119000', 'ASGDTZHK', 41),
	(870, '2021-12-31 17:58:38.151000', 'CNKKVBC', 596),
	(871, '2021-12-31 17:58:38.182000', 'JQNVVLYL', 627),
	(872, '2021-12-31 17:58:38.220000', 'TZUCPRXU', 147),
	(873, '2021-12-31 17:58:38.255000', 'DFWSVB', 147),
	(874, '2021-12-31 17:58:38.289000', 'ISKHLLBE', 160),
	(875, '2021-12-31 17:58:38.326000', 'EUUYAAV', 510),
	(876, '2021-12-31 17:58:38.363000', 'DKMKA', 113),
	(877, '2021-12-31 17:58:38.391000', 'KIVPHUF', 544),
	(878, '2021-12-31 17:58:38.425000', 'OVOFW', 452),
	(879, '2021-12-31 17:58:38.456000', 'JPUFA', 495),
	(880, '2021-12-31 17:58:38.494000', 'MUWWCKD', 324),
	(881, '2021-12-31 17:58:38.525000', 'FZSWZ', 371),
	(882, '2021-12-31 17:58:38.556000', 'LHSSXXB', 100),
	(883, '2021-12-31 17:58:38.588000', 'IHSWDNVHH', 41),
	(884, '2021-12-31 17:58:38.657000', 'MQMWJJJD', 648),
	(885, '2021-12-31 17:58:38.711000', 'BTWLI', 212),
	(886, '2021-12-31 17:58:38.742000', 'PVUGGEJ', 259),
	(887, '2021-12-31 17:58:38.779000', 'GWSXR', 486),
	(888, '2021-12-31 17:58:38.813000', 'VGQKCSJN', 251),
	(889, '2021-12-31 17:58:38.841000', 'DURYQ', 1),
	(890, '2021-12-31 17:58:38.882000', 'LHLXTHVH', 457),
	(891, '2021-12-31 17:58:38.919000', 'NFUJLOML', 212),
	(892, '2021-12-31 17:58:38.947000', 'OOKPMWAO', 136),
	(893, '2021-12-31 17:58:38.980000', 'QGZPD', 610),
	(894, '2021-12-31 17:58:39.005000', 'CTTUUJH', 4),
	(895, '2021-12-31 17:58:39.041000', 'ZRUWD', 81),
	(896, '2021-12-31 17:58:39.077000', 'BHHOCLOA', 240),
	(897, '2021-12-31 17:58:39.104000', 'APZSXHZJG', 58),
	(898, '2021-12-31 17:58:39.141000', 'JSJTGT', 290),
	(899, '2021-12-31 17:58:39.170000', 'AFOOSRLPS', 25),
	(900, '2021-12-31 17:58:39.209000', 'AOZZWT', 531),
	(901, '2021-12-31 17:58:39.254000', 'ZCRHLGPV', 458),
	(902, '2021-12-31 17:58:39.286000', 'YGVYW', 671),
	(903, '2021-12-31 17:58:39.325000', 'TEHTY', 83),
	(904, '2021-12-31 17:58:39.359000', 'MFMRK', 157),
	(905, '2021-12-31 17:58:39.395000', 'FZBON', 546),
	(906, '2021-12-31 17:58:39.431000', 'TSNFIIKJ', 557),
	(907, '2021-12-31 17:58:39.461000', 'XQQKTREH', 225),
	(908, '2021-12-31 17:58:39.492000', 'RECYLG', 610),
	(909, '2021-12-31 17:58:39.523000', 'LITUDQLNK', 146),
	(910, '2021-12-31 17:58:39.554000', 'URIWIVU', 275),
	(911, '2021-12-31 17:58:39.588000', 'ATIKGAIQU', 23),
	(912, '2021-12-31 17:58:39.617000', 'WSAKG', 218),
	(913, '2021-12-31 17:58:39.714000', 'KMASQU', 225),
	(914, '2021-12-31 17:58:39.828000', 'QNNUT', 279),
	(915, '2021-12-31 17:58:39.901000', 'ABLML', 135),
	(916, '2021-12-31 17:58:39.953000', 'CBFJPD', 234),
	(917, '2021-12-31 17:58:39.980000', 'QMKDNVJ', 341),
	(918, '2021-12-31 17:58:40.007000', 'YYHCT', 135),
	(919, '2021-12-31 17:58:40.080000', 'XYZCJCC', 230),
	(920, '2021-12-31 17:58:40.207000', 'KPHISW', 189),
	(921, '2021-12-31 17:58:40.325000', 'PCNQQJQY', 246),
	(922, '2021-12-31 17:58:40.373000', 'RZYOFQEJ', 72),
	(923, '2021-12-31 17:59:05.416000', 'OGHDN', 240),
	(924, '2021-12-31 17:58:40.437000', 'QXQLX', 4),
	(925, '2021-12-31 17:58:40.469000', 'VWQMFP', 429),
	(926, '2021-12-31 17:58:40.499000', 'OFIZSBSNQ', 648),
	(927, '2021-12-31 17:58:40.532000', 'DQYKXQJ', 19),
	(928, '2021-12-31 17:58:40.569000', 'XWUSFWCAG', 144),
	(929, '2021-12-31 17:58:40.599000', 'QCSEGNMHL', 146),
	(930, '2021-12-31 17:58:40.640000', 'QCCPSCO', 124),
	(931, '2021-12-31 17:58:40.692000', 'AVPURHA', 245),
	(932, '2021-12-31 17:58:40.725000', 'TYPIQOL', 19),
	(933, '2021-12-31 17:58:40.755000', 'HNOKYCN', 460),
	(934, '2021-12-31 17:58:40.788000', 'ONRQBGEXO', 631),
	(935, '2021-12-31 17:58:40.835000', 'PWRNE', 435),
	(936, '2021-12-31 17:58:40.873000', 'ESFATF', 146),
	(937, '2021-12-31 17:58:40.903000', 'IKMFUCQ', 671),
	(938, '2021-12-31 17:58:40.931000', 'ZICMGKQ', 58),
	(939, '2021-12-31 17:58:40.967000', 'NSYGSE', 147),
	(940, '2021-12-31 17:58:41.002000', 'WKSIFUGOM', 261),
	(941, '2021-12-31 17:58:41.038000', 'AYWWUINF', 157),
	(942, '2021-12-31 17:58:41.069000', 'YQBEGXKH', 544),
	(943, '2021-12-31 17:58:41.100000', 'RTCJWQRL', 406),
	(944, '2021-12-31 17:58:41.135000', 'MFXMLD', 594),
	(945, '2021-12-31 17:58:41.170000', 'KHCPXFNQF', 144),
	(946, '2021-12-31 17:58:41.207000', 'YBSPHOJUX', 128),
	(947, '2021-12-31 17:58:41.238000', 'SPCSH', 645),
	(948, '2021-12-31 17:58:41.271000', 'WWMMBBT', 486),
	(949, '2021-12-31 17:58:41.306000', 'CVHKUBWA', 412),
	(950, '2021-12-31 17:58:41.343000', 'SMOVRGRNX', 577),
	(951, '2021-12-31 17:58:41.369000', 'GGVSOPIOH', 279),
	(952, '2021-12-31 17:58:41.403000', 'MEYENBTIC', 221),
	(953, '2021-12-31 17:58:41.436000', 'DUTFM', 380),
	(954, '2021-12-31 17:58:41.469000', 'JQRSLFJY', 349),
	(955, '2021-12-31 17:58:41.504000', 'TETPCZ', 648),
	(956, '2021-12-31 17:58:41.540000', 'SHIER', 234),
	(957, '2021-12-31 17:58:41.574000', 'YXOMHLENM', 78),
	(958, '2021-12-31 17:58:41.622000', 'KVXBZGR', 458),
	(959, '2021-12-31 17:58:41.694000', 'EBWBXM', 658),
	(960, '2021-12-31 17:58:41.759000', 'QUQYXTT', 457),
	(961, '2021-12-31 17:58:41.802000', 'SDZWP', 283),
	(962, '2021-12-31 17:58:41.842000', 'LSTJCP', 355),
	(963, '2021-12-31 17:58:41.877000', 'ILWQBT', 259),
	(964, '2021-12-31 17:58:41.915000', 'WWLFRIWN', 373),
	(965, '2021-12-31 17:58:41.947000', 'QVKEJO', 514),
	(966, '2021-12-31 17:58:41.984000', 'EENDZB', 319),
	(967, '2021-12-31 17:58:42.019000', 'ARWMEQAH', 671),
	(968, '2021-12-31 17:58:42.054000', 'UBJAN', 548),
	(969, '2021-12-31 17:58:42.093000', 'DXTPXSIWN', 652),
	(970, '2021-12-31 17:58:42.122000', 'PUMOHKWKS', 182),
	(971, '2021-12-31 17:58:42.153000', 'JZNZLCYWM', 135),
	(972, '2021-12-31 17:58:42.189000', 'YTMJFSDDW', 324),
	(973, '2021-12-31 17:58:42.220000', 'FHEYBLMYT', 245),
	(974, '2021-12-31 17:58:42.253000', 'MUSXUV', 327),
	(975, '2021-12-31 17:58:42.300000', 'ZSBELR', 295),
	(976, '2021-12-31 17:58:42.343000', 'QLLPD', 135),
	(977, '2021-12-31 17:58:42.372000', 'CTIAUOXVF', 4),
	(978, '2021-12-31 17:58:42.403000', 'TCMJOLD', 546),
	(979, '2021-12-31 17:58:42.440000', 'HXPNHLD', 275),
	(980, '2021-12-31 17:58:42.469000', 'RTISZ', 366),
	(981, '2021-12-31 17:58:42.506000', 'BGNLBQ', 601),
	(982, '2021-12-31 17:58:42.536000', 'OFRJJ', 349),
	(983, '2021-12-31 17:58:42.569000', 'KMYDMQZ', 194),
	(984, '2021-12-31 17:58:42.606000', 'FIGMXMEWP', 512),
	(985, '2021-12-31 17:58:42.639000', 'GGEXORQL', 261),
	(986, '2021-12-31 17:58:42.699000', 'WEDBWZ', 319),
	(987, '2021-12-31 17:58:42.807000', 'ICXZZK', 62),
	(988, '2021-12-31 17:58:42.909000', 'XOMDDYT', 129),
	(989, '2021-12-31 17:58:42.986000', 'YIOCL', 491),
	(990, '2021-12-31 17:58:43.075000', 'RSHUSHH', 144),
	(991, '2021-12-31 17:58:43.144000', 'KCIRQZZVR', 527),
	(992, '2021-12-31 17:58:43.196000', 'BGDDFJXC', 349),
	(993, '2021-12-31 17:58:43.229000', 'GDLTXFEO', 4),
	(994, '2021-12-31 17:58:43.265000', 'OUJTHAYM', 128),
	(995, '2021-12-31 17:58:43.303000', 'TUPBAY', 506),
	(996, '2021-12-31 17:58:43.342000', 'GFDQXA', 351),
	(997, '2021-12-31 17:58:43.378000', 'NHXVBAT', 175),
	(998, '2021-12-31 17:58:43.415000', 'JGHKFCOW', 495),
	(999, '2021-12-31 17:58:43.450000', 'MKOCNRP', 631),
	(1000, '2021-12-31 17:58:43.482000', 'IQAWOGEMR', 491),
	(1001, '2021-12-31 17:58:43.518000', 'UHKOY', 462),
	(1002, '2021-12-31 17:58:43.547000', 'XPQCM', 113),
	(1003, '2021-12-31 17:58:43.587000', 'JJVVAFOQ', 460),
	(1004, '2021-12-31 17:58:43.625000', 'RPVHWRPNU', 486),
	(1005, '2021-12-31 17:58:43.660000', 'COMJZ', 251),
	(1006, '2021-12-31 17:58:43.724000', 'RJMUIS', 14),
	(1007, '2021-12-31 17:58:43.756000', 'ZUEJHDOQY', 128),
	(1008, '2021-12-31 17:58:43.785000', 'QOXENPQJ', 259),
	(1009, '2021-12-31 17:58:43.812000', 'EBLSNDCC', 70),
	(1010, '2021-12-31 17:58:43.847000', 'ZRGYYJVJ', 1),
	(1011, '2021-12-31 17:58:43.885000', 'HOPSJYY', 531),
	(1012, '2021-12-31 17:58:43.915000', 'DUKHR', 425),
	(1013, '2021-12-31 17:58:43.954000', 'WVQQMH', 327),
	(1014, '2021-12-31 17:58:43.992000', 'YPAEHU', 498),
	(1015, '2021-12-31 17:58:44.034000', 'RFPTQTZYH', 645),
	(1016, '2021-12-31 17:58:44.063000', 'MLHIBBIFC', 671),
	(1017, '2021-12-31 17:58:44.103000', 'OQZOG', 55),
	(1018, '2021-12-31 17:58:44.146000', 'XADSRRDPD', 259),
	(1019, '2021-12-31 17:58:44.185000', 'XYFAWGTFK', 308),
	(1020, '2021-12-31 17:58:44.230000', 'RVAOMJT', 452),
	(1021, '2021-12-31 17:58:44.265000', 'HJVBWIBA', 621),
	(1022, '2021-12-31 17:58:44.302000', 'BXMWLJXUU', 221),
	(1023, '2021-12-31 17:58:44.336000', 'CBSDCW', 32),
	(1024, '2021-12-31 17:58:44.371000', 'HQJFFRHDB', 128),
	(1025, '2021-12-31 17:58:44.401000', 'LHAAO', 588),
	(1026, '2021-12-31 17:58:44.442000', 'VTXOCZLPX', 548),
	(1027, '2021-12-31 17:58:44.482000', 'UXLFJJ', 544),
	(1028, '2021-12-31 17:58:44.508000', 'JNOWOJ', 635),
	(1029, '2021-12-31 17:58:44.541000', 'ZTNGFU', 83),
	(1030, '2021-12-31 17:58:44.572000', 'VCVCH', 476),
	(1031, '2021-12-31 17:58:44.614000', 'HCQHMP', 355),
	(1032, '2021-12-31 17:58:44.645000', 'BODXV', 466),
	(1033, '2021-12-31 17:58:44.751000', 'RUGEMY', 458),
	(1034, '2021-12-31 17:58:44.882000', 'RSFWLCJ', 144),
	(1035, '2021-12-31 17:58:45.017000', 'SVGFOU', 22),
	(1036, '2021-12-31 17:58:45.132000', 'SZTMIV', 574),
	(1037, '2021-12-31 17:58:45.172000', 'VYBBDIL', 491),
	(1038, '2021-12-31 17:58:45.201000', 'ECBGK', 100),
	(1039, '2021-12-31 17:58:45.237000', 'BGCUUOKCA', 435),
	(1040, '2021-12-31 17:58:45.274000', 'TDSNMSZS', 385),
	(1041, '2021-12-31 17:58:45.304000', 'WSBKXHZNH', 327),
	(1042, '2021-12-31 17:58:45.333000', 'XBFXVCZ', 476),
	(1043, '2021-12-31 17:58:45.376000', 'LYBMT', 553),
	(1044, '2021-12-31 17:58:45.409000', 'XDLEGWSH', 491),
	(1045, '2021-12-31 17:58:45.450000', 'MUCFQG', 506),
	(1046, '2021-12-31 17:58:49.580000', 'GAZLJ', 495),
	(1047, '2021-12-31 17:58:45.528000', 'YNSFEHZUJ', 306),
	(1048, '2021-12-31 17:58:45.564000', 'VDEHUR', 519),
	(1049, '2021-12-31 17:58:45.598000', 'KCFVU', 631),
	(1050, '2021-12-31 17:58:45.628000', 'AOZWO', 574),
	(1051, '2021-12-31 17:58:45.666000', 'RVTCG', 412),
	(1052, '2021-12-31 17:58:45.759000', 'ITADJ', 83),
	(1053, '2021-12-31 17:58:45.866000', 'WZMTJGGOY', 519),
	(1054, '2021-12-31 17:58:45.939000', 'WBTLUZKF', 308),
	(1055, '2021-12-31 17:58:45.992000', 'VRBTY', 124),
	(1056, '2021-12-31 17:58:46.023000', 'TANMRI', 175),
	(1057, '2021-12-31 17:58:46.057000', 'PJAOKJQ', 202),
	(1058, '2021-12-31 17:58:46.088000', 'QIOHF', 457),
	(1059, '2021-12-31 17:58:46.127000', 'DNIOAZ', 338),
	(1060, '2021-12-31 17:58:46.155000', 'HKBIS', 279),
	(1061, '2021-12-31 17:58:46.200000', 'TKDJGW', 385),
	(1062, '2021-12-31 17:58:46.234000', 'YSYEHG', 275),
	(1063, '2021-12-31 17:58:46.268000', 'XLAKT', 406),
	(1064, '2021-12-31 17:58:46.303000', 'ADEIRSDK', 338),
	(1065, '2021-12-31 17:58:46.333000', 'MRAYA', 105),
	(1066, '2021-12-31 17:58:46.367000', 'BBHJIRD', 201),
	(1067, '2021-12-31 17:58:46.394000', 'GSCWABH', 14),
	(1068, '2021-12-31 17:58:46.431000', 'HEHBND', 336),
	(1069, '2021-12-31 17:58:46.466000', 'UKDSJYK', 458),
	(1070, '2021-12-31 17:58:46.496000', 'ZJSPLKHW', 41),
	(1071, '2021-12-31 17:58:46.529000', 'GMELVDXA', 574),
	(1072, '2021-12-31 17:58:46.568000', 'JBWVP', 648),
	(1073, '2021-12-31 17:58:46.604000', 'IWHWAZQMI', 70),
	(1074, '2021-12-31 17:58:46.638000', 'TJHEUYJHQ', 81),
	(1075, '2021-12-31 17:58:46.669000', 'QAVJBK', 506),
	(1076, '2021-12-31 17:58:46.720000', 'NEVNE', 1),
	(1077, '2021-12-31 17:58:46.770000', 'DBEBU', 390),
	(1078, '2021-12-31 17:58:46.804000', 'VPQAXD', 295),
	(1079, '2021-12-31 17:58:46.831000', 'ILNVUJ', 310),
	(1080, '2021-12-31 17:58:46.857000', 'UDYGI', 495),
	(1081, '2021-12-31 17:58:46.885000', 'AXGMJ', 288),
	(1082, '2021-12-31 17:58:46.919000', 'YZSNKOTC', 435),
	(1083, '2021-12-31 17:58:46.948000', 'MNYCJUL', 41),
	(1084, '2021-12-31 17:58:46.977000', 'XPGUFFC', 16),
	(1085, '2021-12-31 17:58:47.009000', 'RHIIUYWR', 351),
	(1086, '2021-12-31 17:58:47.043000', 'SCCSTNSQG', 449),
	(1087, '2021-12-31 17:58:47.077000', 'CNTXGA', 349),
	(1088, '2021-12-31 17:58:47.113000', 'TDWUFHHGY', 327),
	(1089, '2021-12-31 17:58:47.145000', 'LRIIUQPV', 123),
	(1090, '2021-12-31 17:58:47.187000', 'BQVRFTU', 160),
	(1091, '2021-12-31 17:58:47.227000', 'IYXFDVF', 574),
	(1092, '2021-12-31 17:58:47.260000', 'KPQCX', 476),
	(1093, '2021-12-31 17:58:47.291000', 'UJDTUWNCH', 635),
	(1094, '2021-12-31 17:58:47.327000', 'SJSUDEO', 9),
	(1095, '2021-12-31 17:58:47.362000', 'PBDSULNRS', 414),
	(1096, '2021-12-31 17:58:47.397000', 'YVYZVXXF', 584),
	(1097, '2021-12-31 17:58:47.427000', 'QBJIGTO', 558),
	(1098, '2021-12-31 17:58:47.465000', 'EWSQBRBB', 552),
	(1099, '2021-12-31 17:58:47.497000', 'GCXPTC', 625),
	(1100, '2021-12-31 17:58:47.626000', 'DUDIV', 435),
	(1101, '2021-12-31 17:58:47.781000', 'LYTYY', 568),
	(1102, '2021-12-31 17:58:47.876000', 'JYWJN', 212),
	(1103, '2021-12-31 17:58:47.933000', 'QULKDBQ', 230),
	(1104, '2021-12-31 17:58:47.970000', 'KSZNQNZS', 341),
	(1105, '2021-12-31 17:58:48.001000', 'MKYKUVPI', 279),
	(1106, '2021-12-31 17:58:48.034000', 'IETVYYFPL', 474),
	(1107, '2021-12-31 17:58:48.076000', 'BVWCUK', 616),
	(1108, '2021-12-31 17:58:48.115000', 'UQJMXC', 645),
	(1109, '2021-12-31 17:58:48.147000', 'HODBYBXP', 527),
	(1110, '2021-12-31 17:58:48.183000', 'EYKKACI', 113),
	(1111, '2021-12-31 17:58:48.222000', 'IQQJKHI', 189),
	(1112, '2021-12-31 17:58:48.258000', 'UECLE', 574),
	(1113, '2021-12-31 17:58:48.288000', 'MKPHO', 373),
	(1114, '2021-12-31 17:58:48.322000', 'DXEKJTOW', 566),
	(1115, '2021-12-31 17:58:48.361000', 'UGHOB', 546),
	(1116, '2021-12-31 17:58:48.391000', 'FSJJUZH', 4),
	(1117, '2021-12-31 17:58:48.427000', 'RWYMHIE', 566),
	(1118, '2021-12-31 17:58:48.459000', 'LCKEPPXP', 155),
	(1119, '2021-12-31 17:58:48.495000', 'WMYORE', 460),
	(1120, '2021-12-31 17:58:48.530000', 'PVXOL', 390),
	(1121, '2021-12-31 17:58:48.564000', 'YTIFO', 394),
	(1122, '2021-12-31 17:58:48.596000', 'HTWWAV', 146),
	(1123, '2021-12-31 17:58:48.630000', 'GYGVH', 512),
	(1124, '2021-12-31 17:58:48.667000', 'CHCWL', 324),
	(1125, '2021-12-31 17:58:48.699000', 'YYDFT', 182),
	(1126, '2021-12-31 17:58:48.734000', 'CSTCDTS', 316),
	(1127, '2021-12-31 17:58:48.774000', 'MLIDWZKE', 674),
	(1128, '2021-12-31 17:58:48.812000', 'MFYHNQ', 72),
	(1129, '2021-12-31 17:58:48.844000', 'DZEKUKKI', 645),
	(1130, '2021-12-31 17:58:48.878000', 'RKGGPMG', 377),
	(1131, '2021-12-31 17:58:48.922000', 'QYILCS', 327),
	(1132, '2021-12-31 17:58:49.006000', 'LXSDBCK', 299),
	(1133, '2021-12-31 17:58:49.043000', 'SQTLUX', 218),
	(1134, '2021-12-31 17:58:49.078000', 'QMGECCB', 458),
	(1135, '2021-12-31 17:58:49.115000', 'EYEMOHV', 394),
	(1136, '2021-12-31 17:58:49.150000', 'QBALTEZI', 338),
	(1137, '2021-12-31 17:58:49.177000', 'ONKPVE', 476),
	(1138, '2021-12-31 17:58:49.210000', 'NCFHEN', 19),
	(1139, '2021-12-31 17:58:49.247000', 'ZQODMMIB', 568),
	(1140, '2021-12-31 17:58:49.280000', 'DUEVKDKO', 141),
	(1141, '2021-12-31 17:58:49.313000', 'QHVWN', 105),
	(1142, '2021-12-31 17:58:49.339000', 'BQYQJSR', 538),
	(1143, '2021-12-31 17:58:49.380000', 'AFSDM', 584),
	(1144, '2021-12-31 17:58:49.417000', 'VIHHMGXY', 27),
	(1145, '2021-12-31 17:58:49.446000', 'GYDHJR', 58),
	(1146, '2021-12-31 17:58:49.481000', 'TZWTI', 316),
	(1147, '2021-12-31 17:58:49.507000', 'ETNTQO', 277),
	(1148, '2021-12-31 17:58:49.548000', 'HRWOLLO', 5),
	(1149, '2021-12-31 17:58:49.611000', 'DJDKI', 625),
	(1150, '2021-12-31 17:58:49.644000', 'NPGBYO', 70),
	(1151, '2021-12-31 17:58:49.674000', 'KGLAJGHCM', 251),
	(1152, '2021-12-31 17:58:49.710000', 'MNGWAYLQT', 136),
	(1153, '2021-12-31 17:58:49.744000', 'FPZHQGUDW', 201),
	(1154, '2021-12-31 17:58:49.777000', 'HVFRTJND', 625),
	(1155, '2021-12-31 17:58:49.807000', 'URPMS', 584),
	(1156, '2021-12-31 17:58:49.836000', 'NRRXXGRUY', 435),
	(1157, '2021-12-31 17:58:49.870000', 'VAYLZKV', 429),
	(1158, '2021-12-31 17:58:49.903000', 'FBGIIUD', 216),
	(1159, '2021-12-31 17:58:49.993000', 'MAGAZBG', 58),
	(1160, '2021-12-31 17:58:50.070000', 'TZJUQQCN', 548),
	(1161, '2021-12-31 17:58:50.135000', 'RCBFYS', 514),
	(1162, '2021-12-31 17:58:50.170000', 'HMWPHIYAJ', 355),
	(1163, '2021-12-31 17:58:50.272000', 'VWBGQMM', 590),
	(1164, '2021-12-31 17:58:50.364000', 'YXSWGD', 662),
	(1165, '2021-12-31 17:58:50.470000', 'WRFSAKW', 435),
	(1166, '2021-12-31 17:58:50.501000', 'YYTCVFMV', 246),
	(1167, '2021-12-31 17:58:50.536000', 'SFKIKBCT', 5),
	(1168, '2021-12-31 17:58:50.575000', 'MWYIR', 51),
	(1169, '2021-12-31 17:58:50.609000', 'GJXHR', 27),
	(1170, '2021-12-31 17:58:50.635000', 'OYXKOXAA', 336),
	(1171, '2021-12-31 17:58:50.665000', 'SQNAUKBS', 410),
	(1172, '2021-12-31 17:58:50.704000', 'PUOVJ', 594),
	(1173, '2021-12-31 17:58:50.734000', 'GQSEVCF', 566),
	(1174, '2021-12-31 17:58:50.774000', 'SVYNGOORO', 259),
	(1175, '2021-12-31 17:58:50.807000', 'VKWGUL', 671),
	(1176, '2021-12-31 17:58:50.844000', 'NDIGOQBH', 302),
	(1177, '2021-12-31 17:58:50.885000', 'BINQBWR', 574),
	(1178, '2021-12-31 17:58:50.918000', 'JURKLI', 420),
	(1179, '2021-12-31 17:58:50.975000', 'LRCCY', 631),
	(1180, '2021-12-31 17:58:51.050000', 'HPNBAFP', 361),
	(1181, '2021-12-31 17:58:51.090000', 'SMLHU', 189),
	(1182, '2021-12-31 17:58:51.128000', 'QLQFBY', 556),
	(1183, '2021-12-31 17:58:51.165000', 'WUQZIDOAS', 129),
	(1184, '2021-12-31 17:58:51.206000', 'PLRVHXOB', 351),
	(1185, '2021-12-31 17:58:51.244000', 'RGLFQ', 429),
	(1186, '2021-12-31 17:58:51.278000', 'JVKWH', 355),
	(1187, '2021-12-31 17:58:51.311000', 'MPTCQDJU', 35),
	(1188, '2021-12-31 17:58:51.351000', 'CRDRV', 66),
	(1189, '2021-12-31 17:58:51.389000', 'NPQMV', 491),
	(1190, '2021-12-31 17:58:51.428000', 'OUPYY', 519),
	(1191, '2021-12-31 17:58:51.458000', 'SBGMFOPID', 610),
	(1192, '2021-12-31 17:58:51.494000', 'TVDXL', 169),
	(1193, '2021-12-31 17:58:51.535000', 'NYGBKZVM', 581),
	(1194, '2021-12-31 17:58:51.575000', 'WCLUGI', 531),
	(1195, '2021-12-31 17:58:51.608000', 'HQKDRD', 155),
	(1196, '2021-12-31 17:58:51.644000', 'OIETA', 288),
	(1197, '2021-12-31 17:58:51.679000', 'GURJFOAL', 96),
	(1198, '2021-12-31 17:58:51.724000', 'ZWHJJALXC', 418),
	(1199, '2021-12-31 17:58:51.765000', 'XBKMXYC', 621),
	(1200, '2021-12-31 17:58:51.799000', 'HKKYZBPI', 498),
	(1201, '2021-12-31 17:58:51.832000', 'PGJRWBHV', 316),
	(1202, '2021-12-31 17:58:51.870000', 'EVRZTVERR', 310),
	(1203, '2021-12-31 17:58:51.908000', 'HCFTMNTTV', 584),
	(1204, '2021-12-31 17:58:51.960000', 'WIVFKVGR', 219),
	(1205, '2021-12-31 17:58:52.026000', 'RSWYHKYM', 23),
	(1206, '2021-12-31 17:58:52.065000', 'GKXEAVGXA', 240),
	(1207, '2021-12-31 17:58:52.106000', 'SLQSFYDK', 283),
	(1208, '2021-12-31 17:58:52.142000', 'ZYWEJAJZ', 144),
	(1209, '2021-12-31 17:58:52.190000', 'GRYYIR', 474),
	(1210, '2021-12-31 17:58:52.226000', 'HSTVSJGR', 144),
	(1211, '2021-12-31 17:58:52.263000', 'QPCYFDALY', 23),
	(1212, '2021-12-31 17:58:52.296000', 'SFVWQCO', 610),
	(1213, '2021-12-31 17:58:52.334000', 'AUWQEX', 648),
	(1214, '2021-12-31 17:58:52.370000', 'TXAFIMTEP', 433),
	(1215, '2021-12-31 17:58:52.408000', 'WFVXOCBUW', 506),
	(1216, '2021-12-31 17:58:52.447000', 'QJBPEGARP', 275),
	(1217, '2021-12-31 17:58:52.484000', 'LTMIM', 251),
	(1218, '2021-12-31 17:58:52.526000', 'BDZDDCZPX', 252),
	(1219, '2021-12-31 17:58:52.569000', 'YSKDWPBBL', 336),
	(1220, '2021-12-31 17:58:52.610000', 'XLCYC', 519),
	(1221, '2021-12-31 17:58:52.643000', 'EJRYL', 72),
	(1222, '2021-12-31 17:58:52.676000', 'UURDF', 221),
	(1223, '2021-12-31 17:58:52.712000', 'YXRRLLNQK', 410),
	(1224, '2021-12-31 17:58:52.745000', 'XAZTH', 410),
	(1225, '2021-12-31 17:58:52.789000', 'MPVZCDBVM', 616),
	(1226, '2021-12-31 17:58:52.822000', 'LTDZP', 194),
	(1227, '2021-12-31 17:58:52.860000', 'HDQXWXINB', 5),
	(1228, '2021-12-31 17:58:52.901000', 'RHZHWF', 662),
	(1229, '2021-12-31 17:58:52.939000', 'PICLIKMTP', 218),
	(1230, '2021-12-31 17:58:53.005000', 'BSIKMY', 147),
	(1231, '2021-12-31 17:58:53.134000', 'BUUPSKENF', 410),
	(1232, '2021-12-31 17:58:53.215000', 'MPGJVASN', 590),
	(1233, '2021-12-31 17:58:53.350000', 'MICUOIX', 652),
	(1234, '2021-12-31 17:58:53.407000', 'ATMCDNO', 606),
	(1235, '2021-12-31 17:58:53.452000', 'OYJRAFV', 78),
	(1236, '2021-12-31 17:58:53.493000', 'DWKUZ', 566),
	(1237, '2021-12-31 17:58:53.532000', 'MKPCYVF', 186),
	(1238, '2021-12-31 17:58:53.568000', 'IXNEXDF', 627),
	(1239, '2021-12-31 17:58:53.610000', 'HBJTB', 665),
	(1240, '2021-12-31 17:58:53.658000', 'PIXIQH', 544),
	(1241, '2021-12-31 17:58:53.695000', 'BZPFA', 169),
	(1242, '2021-12-31 17:58:53.733000', 'HBXOBSSZ', 150),
	(1243, '2021-12-31 17:58:53.770000', 'OARXTSJN', 568),
	(1244, '2021-12-31 17:58:53.808000', 'CFKKTNYTD', 212),
	(1245, '2021-12-31 17:58:53.846000', 'GWSEA', 94),
	(1246, '2021-12-31 17:58:53.884000', 'YHDZGQP', 662),
	(1247, '2021-12-31 17:58:53.922000', 'ACRTOJJK', 648),
	(1248, '2021-12-31 17:58:53.978000', 'QCJFWXCBI', 295),
	(1249, '2021-12-31 17:58:54.025000', 'FLGTYMR', 601),
	(1250, '2021-12-31 17:58:54.070000', 'YSDDPBVPC', 196),
	(1251, '2021-12-31 17:58:54.107000', 'SFMQZJM', 62),
	(1252, '2021-12-31 17:58:54.143000', 'XRFLYQFRX', 157),
	(1253, '2021-12-31 17:58:54.176000', 'BYCBBHN', 556),
	(1254, '2021-12-31 17:58:54.222000', 'JWRSMDK', 557),
	(1255, '2021-12-31 17:58:54.262000', 'HVPPT', 671),
	(1256, '2021-12-31 17:58:54.300000', 'FPXHLXZVL', 351),
	(1257, '2021-12-31 17:58:54.338000', 'FPSXUVZRS', 283),
	(1258, '2021-12-31 17:58:54.386000', 'OLJHXX', 544),
	(1259, '2021-12-31 17:58:54.423000', 'QNXNWKVBG', 259),
	(1260, '2021-12-31 17:58:54.458000', 'PTIQZJGG', 32),
	(1261, '2021-12-31 17:58:54.487000', 'ZSOHLOA', 216),
	(1262, '2021-12-31 17:58:54.525000', 'AZEDCVFKI', 216),
	(1263, '2021-12-31 17:58:54.564000', 'JQMRWN', 144),
	(1264, '2021-12-31 17:58:54.606000', 'OHAXFF', 141),
	(1265, '2021-12-31 17:58:54.639000', 'DEEJR', 449),
	(1266, '2021-12-31 17:58:54.673000', 'JUUFYDGR', 163),
	(1267, '2021-12-31 17:58:54.711000', 'YIXJEV', 186),
	(1268, '2021-12-31 17:58:54.741000', 'MTMGKKRGX', 83),
	(1269, '2021-12-31 17:58:54.776000', 'SKOORHCIN', 169),
	(1270, '2021-12-31 17:58:54.811000', 'PLUVKC', 155),
	(1271, '2021-12-31 17:58:54.842000', 'BRYXGWR', 503),
	(1272, '2021-12-31 17:58:54.882000', 'OBKNNHZ', 141),
	(1273, '2021-12-31 17:58:54.931000', 'NONLREN', 267),
	(1274, '2021-12-31 17:58:55.080000', 'QMUKLBEV', 324),
	(1275, '2021-12-31 17:58:55.149000', 'WHGQRCYX', 324),
	(1276, '2021-12-31 17:58:55.274000', 'BXCXONU', 400),
	(1277, '2021-12-31 17:58:55.306000', 'WNHAAX', 498),
	(1278, '2021-12-31 17:58:55.342000', 'SLFJIOZE', 449),
	(1279, '2021-12-31 17:58:55.386000', 'TIFHOAI', 93),
	(1280, '2021-12-31 17:58:55.426000', 'YAFVLFU', 635),
	(1281, '2021-12-31 17:58:55.460000', 'XATSZ', 259),
	(1282, '2021-12-31 17:58:55.499000', 'GNSRZFV', 418),
	(1283, '2021-12-31 17:58:55.541000', 'BSEUH', 433),
	(1284, '2021-12-31 17:58:55.589000', 'FRLHR', 329),
	(1285, '2021-12-31 17:58:55.630000', 'IZEHDP', 471),
	(1286, '2021-12-31 17:58:55.668000', 'RCGFJDGQ', 652),
	(1287, '2021-12-31 17:58:55.707000', 'OSFGXF', 325),
	(1288, '2021-12-31 17:58:55.745000', 'ZKKRMRVZD', 625),
	(1289, '2021-12-31 17:58:55.785000', 'LZYAZJL', 150),
	(1290, '2021-12-31 17:58:55.823000', 'QMBIODYD', 452),
	(1291, '2021-12-31 17:58:55.860000', 'LEXUMT', 255),
	(1292, '2021-12-31 17:58:55.902000', 'MTILXCHL', 552),
	(1293, '2021-12-31 17:58:55.941000', 'MEBYHIEOK', 128),
	(1294, '2021-12-31 17:58:55.973000', 'BQYMUN', 113),
	(1295, '2021-12-31 17:58:56.006000', 'VIWRSULR', 4),
	(1296, '2021-12-31 17:58:56.043000', 'INRAU', 420),
	(1297, '2021-12-31 17:58:56.083000', 'HBDUEX', 316),
	(1298, '2021-12-31 17:58:56.116000', 'FXVXPPITG', 83),
	(1299, '2021-12-31 17:58:56.152000', 'IJDYYY', 189),
	(1300, '2021-12-31 17:58:56.191000', 'TYDAP', 1),
	(1301, '2021-12-31 17:58:56.227000', 'KALPJNB', 302),
	(1302, '2021-12-31 17:58:56.291000', 'JWSRISRQN', 371),
	(1303, '2021-12-31 17:58:56.362000', 'LVFNDJHVD', 557),
	(1304, '2021-12-31 17:58:56.410000', 'FVXYPNRG', 552),
	(1305, '2021-12-31 17:58:56.448000', 'GKAFB', 523),
	(1306, '2021-12-31 17:58:56.487000', 'LBMPQBOH', 267),
	(1307, '2021-12-31 17:58:56.519000', 'EXPQSLQR', 141),
	(1308, '2021-12-31 17:58:56.556000', 'LAIKUMLME', 147),
	(1309, '2021-12-31 17:58:56.599000', 'GYZCOOLO', 23),
	(1310, '2021-12-31 17:58:56.639000', 'UNSGSLTY', 490),
	(1311, '2021-12-31 17:58:56.675000', 'AYJWFPX', 512),
	(1312, '2021-12-31 17:58:56.714000', 'BFJJIYZ', 234),
	(1313, '2021-12-31 17:58:56.755000', 'DTITA', 519),
	(1314, '2021-12-31 17:58:56.795000', 'QWTWQX', 66),
	(1315, '2021-12-31 17:58:56.836000', 'OSIEWKV', 325),
	(1316, '2021-12-31 17:58:56.873000', 'BXESDAWJ', 259),
	(1317, '2021-12-31 17:58:56.913000', 'YEKVCS', 373),
	(1318, '2021-12-31 17:58:56.957000', 'MGIMGCTPJ', 658),
	(1319, '2021-12-31 17:58:56.994000', 'XHHIQD', 671),
	(1320, '2021-12-31 17:58:57.031000', 'FAYGKB', 601),
	(1321, '2021-12-31 17:58:57.073000', 'UVDQQHHX', 27),
	(1322, '2021-12-31 17:58:57.117000', 'NQUUO', 373),
	(1323, '2021-12-31 17:58:57.155000', 'IRWCSSU', 425),
	(1324, '2021-12-31 17:58:57.194000', 'YWTLL', 124),
	(1325, '2021-12-31 17:58:57.225000', 'FIPYT', 160),
	(1326, '2021-12-31 17:58:57.291000', 'LTTAN', 435),
	(1327, '2021-12-31 17:58:57.361000', 'FINRXDKWI', 66),
	(1328, '2021-12-31 17:58:57.429000', 'SYGODFMD', 348),
	(1329, '2021-12-31 17:58:57.469000', 'YONSGQBC', 279),
	(1330, '2021-12-31 17:58:57.505000', 'YQNTLJB', 523),
	(1331, '2021-12-31 17:58:57.639000', 'ARQHX', 429),
	(1332, '2021-12-31 17:58:57.740000', 'YIFSCHRD', 412),
	(1333, '2021-12-31 17:58:57.850000', 'NSNWMZE', 66),
	(1334, '2021-12-31 17:58:57.920000', 'PDTGQNYV', 19),
	(1335, '2021-12-31 17:58:57.953000', 'JSTBOLWH', 471),
	(1336, '2021-12-31 17:58:57.988000', 'WHBAYLYRD', 124),
	(1337, '2021-12-31 17:58:58.038000', 'BLMGEDJ', 371),
	(1338, '2021-12-31 17:58:58.086000', 'CYTAWD', 89),
	(1339, '2021-12-31 17:58:58.121000', 'LPGAWDZX', 498),
	(1340, '2021-12-31 17:58:58.161000', 'YQLVXXANE', 648),
	(1341, '2021-12-31 17:58:58.200000', 'PSFRZ', 163),
	(1342, '2021-12-31 17:58:58.237000', 'DFBFZF', 420),
	(1343, '2021-12-31 17:58:58.289000', 'FNEGODRA', 568),
	(1344, '2021-12-31 17:58:58.321000', 'QTDINMG', 32),
	(1345, '2021-12-31 17:58:58.354000', 'IIDXPKN', 83),
	(1346, '2021-12-31 17:58:58.388000', 'GRWPBW', 81),
	(1347, '2021-12-31 17:58:58.428000', 'XIGEXP', 147),
	(1348, '2021-12-31 17:58:58.466000', 'ANGXT', 349),
	(1349, '2021-12-31 17:58:58.502000', 'OGWYNUR', 606),
	(1350, '2021-12-31 17:58:58.537000', 'GJBUVYTM', 562),
	(1351, '2021-12-31 17:58:58.580000', 'NNVJSJJV', 22),
	(1352, '2021-12-31 17:58:58.616000', 'JFIZFS', 390),
	(1353, '2021-12-31 17:58:58.654000', 'RIYOXCZN', 123),
	(1354, '2021-12-31 17:58:58.692000', 'ZLTGNYGL', 361),
	(1355, '2021-12-31 17:58:58.737000', 'BAQOCCSBO', 444),
	(1356, '2021-12-31 17:58:58.779000', 'PWATTLCJZ', 160),
	(1357, '2021-12-31 17:58:58.817000', 'IDICP', 155),
	(1358, '2021-12-31 17:58:58.854000', 'LLHLONDG', 146),
	(1359, '2021-12-31 17:58:58.896000', 'WQHNPVCRI', 219),
	(1360, '2021-12-31 17:58:58.933000', 'TSKTAPN', 83),
	(1361, '2021-12-31 17:58:58.971000', 'YWSUCGIQU', 406),
	(1362, '2021-12-31 17:58:59.005000', 'VWUNBWQ', 548),
	(1363, '2021-12-31 17:58:59.049000', 'KWLDKOK', 621),
	(1364, '2021-12-31 17:58:59.087000', 'IQVBQXX', 588),
	(1365, '2021-12-31 17:58:59.126000', 'XAART', 175),
	(1366, '2021-12-31 17:58:59.166000', 'EGRRRS', 577),
	(1367, '2021-12-31 17:58:59.208000', 'VIKKM', 610),
	(1368, '2021-12-31 17:58:59.237000', 'PAYKKPJ', 414),
	(1369, '2021-12-31 17:58:59.286000', 'OOCZZOEG', 78),
	(1370, '2021-12-31 17:58:59.390000', 'CNRITBJU', 70),
	(1371, '2021-12-31 17:58:59.438000', 'GYWZIBOXG', 136),
	(1372, '2021-12-31 17:58:59.473000', 'VDHRDI', 557),
	(1373, '2021-12-31 17:58:59.517000', 'QKJUDNMF', 361),
	(1374, '2021-12-31 17:58:59.570000', 'ULPOFYYZV', 621),
	(1375, '2021-12-31 17:58:59.603000', 'BPJVXRB', 366),
	(1376, '2021-12-31 17:58:59.646000', 'XSHXSGX', 259),
	(1377, '2021-12-31 17:58:59.693000', 'STGRBTQ', 495),
	(1378, '2021-12-31 17:58:59.729000', 'QILLJV', 14),
	(1379, '2021-12-31 17:58:59.764000', 'LZBQVRPIJ', 598),
	(1380, '2021-12-31 17:58:59.798000', 'VQGJBH', 105),
	(1381, '2021-12-31 17:58:59.837000', 'GDUNQJUYQ', 635),
	(1382, '2021-12-31 17:58:59.872000', 'EJAXTNM', 319),
	(1383, '2021-12-31 17:58:59.910000', 'OWAFP', 327),
	(1384, '2021-12-31 17:58:59.952000', 'ICNFOYD', 147),
	(1385, '2021-12-31 17:58:59.985000', 'XOQGNNPRP', 534),
	(1386, '2021-12-31 17:59:00.019000', 'ZCCTKR', 598),
	(1387, '2021-12-31 17:59:00.052000', 'CWVNRD', 380),
	(1388, '2021-12-31 17:59:00.081000', 'CQPRR', 610),
	(1389, '2021-12-31 17:59:00.119000', 'GBZKUJ', 410),
	(1390, '2021-12-31 17:59:00.153000', 'USRGEV', 373),
	(1391, '2021-12-31 17:59:00.189000', 'WHJMTYA', 606),
	(1392, '2021-12-31 17:59:00.228000', 'YNMCOMAU', 41),
	(1393, '2021-12-31 17:59:00.341000', 'WRWKZUNGH', 128),
	(1394, '2021-12-31 17:59:00.501000', 'SJXRNAGI', 94),
	(1395, '2021-12-31 17:59:00.590000', 'RXHJHLXTE', 641),
	(1396, '2021-12-31 17:59:00.650000', 'UKLHEVF', 72),
	(1397, '2021-12-31 17:59:05.106000', 'QIKMXMGVV', 355),
	(1398, '2021-12-31 17:59:00.744000', 'YJTDI', 506),
	(1399, '2021-12-31 17:59:00.783000', 'LPUPRVI', 590),
	(1400, '2021-12-31 17:59:00.822000', 'QRBVP', 23),
	(1401, '2021-12-31 17:59:00.854000', 'FGBROGTI', 581),
	(1402, '2021-12-31 17:59:00.903000', 'GLZSIFARI', 327),
	(1403, '2021-12-31 17:59:00.943000', 'TIBBUBUJF', 641),
	(1404, '2021-12-31 17:59:00.982000', 'VFWWHSQW', 495),
	(1405, '2021-12-31 17:59:01.024000', 'OCJUD', 182),
	(1406, '2021-12-31 17:59:01.065000', 'SRQCVLQC', 462),
	(1407, '2021-12-31 17:59:01.102000', 'FJGWEMVY', 22),
	(1408, '2021-12-31 17:59:01.136000', 'CRQZQ', 341),
	(1409, '2021-12-31 17:59:01.168000', 'CJEVN', 295),
	(1410, '2021-12-31 17:59:01.203000', 'YQACLJO', 319),
	(1411, '2021-12-31 17:59:01.241000', 'TXKCBLGL', 566),
	(1412, '2021-12-31 17:59:01.269000', 'PRIBPE', 414),
	(1413, '2021-12-31 17:59:01.298000', 'XSVIFS', 62),
	(1414, '2021-12-31 17:59:01.326000', 'DGPZINWD', 141),
	(1415, '2021-12-31 17:59:01.367000', 'TOZKSVBUN', 588),
	(1416, '2021-12-31 17:59:01.404000', 'OGCORT', 246),
	(1417, '2021-12-31 17:59:01.435000', 'ZMFOUVHY', 189),
	(1418, '2021-12-31 17:59:01.472000', 'DPIQBNC', 631),
	(1419, '2021-12-31 17:59:01.511000', 'IKKZFBC', 283),
	(1420, '2021-12-31 17:59:01.553000', 'JLYBRW', 261),
	(1421, '2021-12-31 17:59:01.585000', 'ITSFIVM', 343),
	(1422, '2021-12-31 17:59:01.646000', 'NYTGMTEGA', 435),
	(1423, '2021-12-31 17:59:01.728000', 'BYEVMFJ', 341),
	(1424, '2021-12-31 17:59:01.773000', 'HAODTFGP', 141),
	(1425, '2021-12-31 17:59:01.809000', 'ZGRGLD', 406),
	(1426, '2021-12-31 17:59:01.849000', 'INPYK', 255),
	(1427, '2021-12-31 17:59:01.883000', 'SWRODYRR', 186),
	(1428, '2021-12-31 17:59:01.925000', 'HIHYYNSC', 433),
	(1429, '2021-12-31 17:59:01.965000', 'OZJPXUICT', 264),
	(1430, '2021-12-31 17:59:02.003000', 'VZKWTRMR', 81),
	(1431, '2021-12-31 17:59:02.046000', 'MNXGDRYL', 306),
	(1432, '2021-12-31 17:59:02.086000', 'QMDRENRXZ', 70),
	(1433, '2021-12-31 17:59:02.129000', 'HLMQGEWF', 25),
	(1434, '2021-12-31 17:59:02.162000', 'UKLNGE', 182),
	(1435, '2021-12-31 17:59:02.201000', 'ABDHW', 548),
	(1436, '2021-12-31 17:59:02.243000', 'FDRUOUTS', 581),
	(1437, '2021-12-31 17:59:02.285000', 'SSIHQNVSD', 471),
	(1438, '2021-12-31 17:59:02.315000', 'BHRZC', 70),
	(1439, '2021-12-31 17:59:02.355000', 'RUMCPIYWU', 476),
	(1440, '2021-12-31 17:59:02.385000', 'KYOQA', 277),
	(1441, '2021-12-31 17:59:02.422000', 'AQVRT', 548),
	(1442, '2021-12-31 17:59:02.457000', 'KYFTKMGP', 540),
	(1443, '2021-12-31 17:59:02.499000', 'MIHSC', 610),
	(1444, '2021-12-31 17:59:02.552000', 'MAOVUWIPX', 410),
	(1445, '2021-12-31 17:59:02.590000', 'HBLLBU', 558),
	(1446, '2021-12-31 17:59:02.698000', 'GKHYKYAQH', 410),
	(1447, '2021-12-31 17:59:02.791000', 'GAXPGPTSC', 361),
	(1448, '2021-12-31 17:59:02.833000', 'LAQWHFIN', 275),
	(1449, '2021-12-31 17:59:02.868000', 'PAPYSNC', 259),
	(1450, '2021-12-31 17:59:03.012000', 'JXJLFCZE', 466),
	(1451, '2021-12-31 17:59:03.151000', 'YMJOW', 16),
	(1452, '2021-12-31 17:59:03.204000', 'CAZLKYW', 574),
	(1453, '2021-12-31 17:59:03.246000', 'QNAAST', 124),
	(1454, '2021-12-31 17:59:03.290000', 'YGAWCQH', 94),
	(1455, '2021-12-31 17:59:03.326000', 'YQKSEW', 562),
	(1456, '2021-12-31 17:59:03.365000', 'ZJZZAG', 141),
	(1457, '2021-12-31 17:59:03.402000', 'EVUZGS', 380),
	(1458, '2021-12-31 17:59:03.448000', 'RVJOA', 252),
	(1459, '2021-12-31 17:59:03.489000', 'CECHZHXGL', 94),
	(1460, '2021-12-31 17:59:03.530000', 'ZNNEWFKOG', 652),
	(1461, '2021-12-31 17:59:03.573000', 'NAJJOJLGC', 641),
	(1462, '2021-12-31 17:59:03.622000', 'YCIJTQJEH', 562),
	(1463, '2021-12-31 17:59:03.686000', 'EZEROG', 506),
	(1464, '2021-12-31 17:59:03.724000', 'EOHUPCX', 552),
	(1465, '2021-12-31 17:59:03.753000', 'EIEPIKXM', 506),
	(1466, '2021-12-31 17:59:03.797000', 'QUDZRQTGI', 674),
	(1467, '2021-12-31 17:59:03.834000', 'CAMEI', 27),
	(1468, '2021-12-31 17:59:03.869000', 'TJDYZMTGS', 433),
	(1469, '2021-12-31 17:59:03.906000', 'JHCUSKIB', 117),
	(1470, '2021-12-31 17:59:03.952000', 'JLWXCZ', 155),
	(1471, '2021-12-31 17:59:03.984000', 'EQTYHEB', 598),
	(1472, '2021-12-31 17:59:04.025000', 'QZNWJHQK', 16),
	(1473, '2021-12-31 17:59:04.067000', 'TEDPSTJQX', 186),
	(1474, '2021-12-31 17:59:04.101000', 'DXRLPDONN', 157),
	(1475, '2021-12-31 17:59:04.129000', 'RBPDOR', 662),
	(1476, '2021-12-31 17:59:04.163000', 'BYQIJYY', 4),
	(1477, '2021-12-31 17:59:04.192000', 'XMZNOFJZ', 329),
	(1478, '2021-12-31 17:59:04.521000', 'SHUEZHFG', 512),
	(1479, '2021-12-31 17:59:04.263000', 'ANTIG', 397),
	(1480, '2021-12-31 17:59:04.298000', 'NEPNQURT', 83),
	(1481, '2021-12-31 17:59:04.340000', 'HRIKFJBG', 113),
	(1482, '2021-12-31 17:59:04.377000', 'UFZNJXVIZ', 480),
	(1483, '2021-12-31 17:59:04.416000', 'NPZFODQ', 23),
	(1484, '2021-12-31 17:59:04.449000', 'QSVHA', 457),
	(1485, '2021-12-31 17:59:04.485000', 'LKMHL', 457),
	(1486, '2021-12-31 17:59:04.548000', 'AEDMPLZ', 319),
	(1487, '2021-12-31 17:59:04.585000', 'CMSLSJ', 169),
	(1488, '2021-12-31 17:59:04.617000', 'TGSMAV', 219),
	(1489, '2021-12-31 17:59:04.672000', 'PNMYY', 255),
	(1490, '2021-12-31 17:59:04.728000', 'VQKPU', 574),
	(1491, '2021-12-31 17:59:04.762000', 'GICDSBMA', 23),
	(1492, '2021-12-31 17:59:04.806000', 'KTFCGXH', 51),
	(1493, '2021-12-31 17:59:04.843000', 'RBKRSFOWX', 429),
	(1494, '2021-12-31 17:59:04.883000', 'ZWHULRRJ', 552),
	(1495, '2021-12-31 17:59:04.923000', 'YDETUS', 23),
	(1496, '2021-12-31 17:59:04.955000', 'UABNYAF', 221),
	(1497, '2021-12-31 17:59:04.991000', 'FHYDA', 474),
	(1498, '2021-12-31 17:59:05.029000', 'SXHPO', 23),
	(1499, '2021-12-31 17:59:05.065000', 'ADGOQD', 480),
	(1500, '2021-12-31 17:59:05.139000', 'IFAJX', 441),
	(1501, '2021-12-31 17:59:05.180000', 'QOJFWOIV', 577),
	(1502, '2021-12-31 17:59:05.211000', 'DFNJYSZF', 41),
	(1503, '2021-12-31 17:59:05.241000', 'KKLEDV', 279),
	(1504, '2021-12-31 17:59:05.280000', 'UODJPWU', 180),
	(1505, '2021-12-31 17:59:05.318000', 'DASQNCRE', 510),
	(1506, '2021-12-31 17:59:05.351000', 'NHZTQ', 377),
	(1507, '2021-12-31 17:59:05.385000', 'XWKBHOHAA', 658),
	(1508, '2021-12-31 17:59:05.448000', 'QXSHXWSR', 22),
	(1509, '2021-12-31 17:59:05.482000', 'DKWNNH', 182),
	(1510, '2021-12-31 17:59:05.521000', 'DKGCUOAA', 425),
	(1511, '2021-12-31 17:59:05.560000', 'MUWEYDEKR', 433),
	(1512, '2021-12-31 17:59:05.595000', 'PUBOUKD', 123),
	(1513, '2021-12-31 17:59:05.635000', 'FMYVLC', 377),
	(1514, '2021-12-31 17:59:05.745000', 'DGKVPUT', 270),
	(1515, '2021-12-31 17:59:05.839000', 'SXSPZ', 5),
	(1516, '2021-12-31 17:59:05.945000', 'OSKYDZ', 113);
/*!40000 ALTER TABLE `donazione` ENABLE KEYS */;

-- Dump della struttura di tabella digitaldonation.guest
DROP TABLE IF EXISTS `guest`;
CREATE TABLE IF NOT EXISTS `guest` (
  `codice_fiscale_guest` varchar(255) NOT NULL,
  `cognome` varchar(255) DEFAULT NULL,
  `gruppo_sanguigno` varchar(255) DEFAULT NULL,
  `nome` varchar(255) DEFAULT NULL,
  `patologie` varchar(255) DEFAULT NULL,
  `telefono` varchar(255) DEFAULT NULL,
  PRIMARY KEY (`codice_fiscale_guest`)
) ENGINE=InnoDB DEFAULT CHARSET=utf8mb4 COLLATE=utf8mb4_0900_ai_ci;

-- Dump dei dati della tabella digitaldonation.guest: ~0 rows (circa)
DELETE FROM `guest`;
/*!40000 ALTER TABLE `guest` DISABLE KEYS */;
INSERT INTO `guest` (`codice_fiscale_guest`, `cognome`, `gruppo_sanguigno`, `nome`, `patologie`, `telefono`) VALUES
	('AABBHQ79C38L971N', 'LLTPWPURC', 'A+', 'YBDTAXL', 'MALATTIA DIVERTICOLARE', '5643396367'),
	('AGEVAK54X80D358Q', 'XVYBZASER', 'A-', 'CGICCX', '//', '+25 5975579781'),
	('AHVLJG07Y77O594Y', 'NVIUR', 'AB-', 'WBUHJNHKA', 'DISFUNZIONE ERETTILE', '2523926899'),
	('AKLSFW35M87M057T', 'FCBVY', 'AB-', 'RKLMFDL', 'MALATTIA DI ALZHEIMER', '2417243690'),
	('ALRPCW05I76A575R', 'VBMGFBR', '0-', 'DDPIY', 'MALATTIA DIVERTICOLARE', '2444326477'),
	('AMMZTV18B15Q282A', 'GGIGU', '0+', 'LOTIEXAZ', 'MALATTIA DI ALZHEIMER', '1047176553'),
	('AOQRDO18O33R446N', 'YFNLCVZGH', 'A+', 'YMJQIK', 'MALATTIA DI PARKINSON', '7095163942'),
	('ASMMCA44V89A539E', 'FEKISPTRR', 'AB-', 'IZGQSDXS', '//', '6034535493'),
	('ATKSXZ88F40E674T', 'KCYSUHHW', '0+', 'MYSVRWTN', '//', '+71 9417154971'),
	('AUOZWO78F84W141Z', 'XTQHLMGMQ', 'A+', 'ABFBLDVVY', 'DISFUNZIONE ERETTILE', '+63 5482681624'),
	('AXUQYA24X88Y477Y', 'IXALDE', '0-', 'UAQZPUBA', 'OSTEOPOROSI', '5307156441'),
	('AYEVFX07N27I662Q', 'BGQEL', '0+', 'IMJXDMYNP', 'MENINGITE', '8132705782'),
	('AZBFKZ44J98E162G', 'LAOEX', '0+', 'BCKJWZX', '//', '1592396690'),
	('AZUMJB66U65X072J', 'VUIRXN', 'A+', 'NRRTJY', '//', '+41 2661557707'),
	('BDMIVX29F10J509S', 'QNGIRJLX', 'A-', 'HWGLMUIZ', '//', '+31 9344099395'),
	('BDVDPL16R67J793U', 'LRBRPMM', '0-', 'VHSNFHPR', '//', '2745567778'),
	('BGKFFV58I04H816E', 'HVVNLBX', 'AB-', 'AWLXOW', 'SCHIZOFRENIA', '8572819452'),
	('BGWTSL98L41A247B', 'PGTJHEI', 'A+', 'OCBCAK', 'INCONTINENZA URINARIA', '2993574346'),
	('BHCCSC72T01M089Q', 'QNXAMLRH', 'AB+', 'FRTBX', '//', '+45 8311878674'),
	('BJANRY99A30M669Y', 'TBRLBDHBM', 'AB+', 'DFWLEGHI', '//', '6786382023'),
	('BKRZUH27V06I189X', 'RKRXIU', 'AB-', 'KYPVSHUC', 'IL DOLORE', '+88 2192158467'),
	('BLDTSV22J31Z271L', 'QCYAZ', 'AB+', 'BJVBKJHS', 'DERMATITI', '+56 9012926135'),
	('BNABMC97U47Z300J', 'QJIKB', 'A+', 'CTOJCO', '//', '+72 6244627621'),
	('BNFEFC42X88Q898X', 'NBJWH', '0-', 'EEPUGD', 'SINUSITI', '+39 8081962714'),
	('BQUROP34R86M094W', 'OHYFAKJP', '0+', 'TCSRIEWFZ', '//', '7771033978'),
	('BRUJAP73E99U556P', 'NAAJAA', 'A-', 'TPPBX', 'SINUSITI', '+26 9192047521'),
	('BSMDVR40H45D561D', 'VJXZOZL', 'AB+', 'XDZYOBOZG', 'IL DOLORE', '+73 2207061819'),
	('BUXKQD62S48D171L', 'MOKHJUL', 'A-', 'RFIIZWWGG', 'SINUSITI', '2032012338'),
	('BXPDTZ35Q70N390H', 'AVMTLNO', '0-', 'KIKWI', '//', '+35 9472999546'),
	('BZZROT90Z88X258L', 'NTPGRQQC', '0+', 'UQBGFL', '//', '+10 1396022503'),
	('CAKFOX58P77L944L', 'SQVKD', 'A-', 'LIWQRYRT', 'MALATTIA DI ALZHEIMER', '6923487202'),
	('CDMZIP27X74Q410L', 'EKAUOMY', 'A-', 'BEUQAQ', 'ARTRITI INFETTIVE', '7751575163'),
	('CDQSCB82N71B308C', 'NHFWH', '0+', 'NIEXNF', '//', '+62 1094299487'),
	('CFDZLP88L04S369F', 'RJPKDH', 'AB+', 'AKXYXYIRM', '//', '5012026029'),
	('CGXXST64E46R693X', 'RLAOOIC', '0-', 'VDUYNA', '//', '6311885692'),
	('CHDRRB34Z96H346U', 'CTASTKD', 'AB-', 'EPZRSHM', 'DEGENERAZIONE MACULARE SENILE', '+65 3023808514'),
	('CHTWFQ43D97T876T', 'KHAYZGHMN', 'A-', 'AAJYXS', 'TUMORE ALLA MAMMELLA', '1064661410'),
	('CHYVLL09P91W687M', 'WHKOCDU', '0-', 'YVRUDVZ', 'INCONTINENZA URINARIA', '4481979434'),
	('CMVVJF08Z32W540F', 'ERYIMCFG', 'A+', 'MMTTZOTYX', '//', '+87 6266252286'),
	('COTBQE10B52S518Y', 'PUKYGHOVI', 'AB-', 'ZYCBZEDF', 'GASTRITE E ULCERA PEPTICA', '5723485954'),
	('CSKMFS30O60H172C', 'EBCTGTEE', 'A-', 'OBFQQVC', 'SCOLIOSI', '+42 5164246278'),
	('CUATFB99U99C088H', 'TOUVEBQNF', 'A+', 'MOSDAZS', '//', '+22 8405574689'),
	('CUJSTU24K51A290W', 'OSLCOCPRA', 'AB+', 'OHMVXXRCV', 'OSTEOPOROSI', '8676573954'),
	('CUVOID06Z75S542I', 'RNEPXJGGM', 'A+', 'ITOGKRQ', 'SCOLIOSI', '+11 1656772014'),
	('CZAOGX07E51A010M', 'TXLHUKLXG', 'A-', 'VIGLCAG', 'TUMORE ALLA MAMMELLA', '+80 9296832490'),
	('CZDWAW26K20I268W', 'YPSTJLY', '0+', 'YOCLTA', 'ARTRITE REUMATOIDE', '+95 4852387561'),
	('DAVHFC19P35T329K', 'IWVMHJ', 'A-', 'BWSLXYJ', '//', '9181047762'),
	('DDCSQU98O29Q447O', 'RZESQTIR', 'AB-', 'GTFXV', 'DERMATITI', '7153761932'),
	('DHVLAR62N17R633V', 'MUKULSK', '0+', 'VZUESFD', '//', '+27 5751645675'),
	('DIVARK97Y59E855N', 'TOWDEZH', 'AB+', 'NTPCJ', 'IL DOLORE', '+81 8254642524'),
	('DKNVVC12M57C174V', 'WIRBPYBD', 'A+', 'MJDNCXLD', '//', '+58 4965552556'),
	('DLFHAV31D89M343A', 'PCDKQFPPI', 'AB+', 'NCTTU', '//', '2976156178'),
	('DQDJJE46U16A468X', 'DSVUS', '0-', 'VCLJJCU', '//', '6615373488'),
	('DQPIQJ78K03I199T', 'CHEUVPKV', 'A+', 'YBJPIPO', '//', '+30 6081397554'),
	('DTUFUF61B23K268A', 'EKKZS', 'AB+', 'WCEOE', '//', '+58 2405044932'),
	('DUEXBM60U00S442R', 'TWJPOZBF', 'AB+', 'QGOLBR', 'MALATTIA DI HUNTINGTON', '7255175921'),
	('DWSGLZ60M59O316A', 'VOTTKGGJ', 'AB-', 'WMGLXAYUU', 'MALATTIA DA REFLUSSO GASTROESOFAGEO', '6954406853'),
	('DYOWRS47N74B026K', 'RBYGBQI', 'A+', 'OCAXRYBJ', '//', '8135733732'),
	('DZLHFO50B51J553X', 'OCBWSENRA', 'AB-', 'HMZDYIUDD', 'GASTRITE E ULCERA PEPTICA', '+58 9244306056'),
	('EBAJBQ21W51A474S', 'ZUWKPB', 'AB-', 'MNQDY', '//', '3656267306'),
	('ECLKHB37E19W935P', 'YDYEQS', 'AB+', 'IFTDBMX', 'IPERTENSIONE ARTERIOSA', '9107229581'),
	('EEOXUP00D02Y944E', 'PFMJXNPLT', '0-', 'ALSODAW', '//', '+39 3953651762'),
	('ENAPLD65G59A745G', 'MRVDY', '0-', 'INFCJI', '//', '+96 6916886463'),
	('ENREOT46Z13T201G', 'YDTORE', 'AB-', 'IMYHLB', '//', '9241523997'),
	('EQMYZT31Q18I855Y', 'EASWS', 'A-', 'XPNEQ', '//', '+70 4691497486'),
	('ETWCBD62F78S982L', 'VDXXE', '0-', 'IZWJHXYIS', 'ARTRITI INFETTIVE', '5551433552'),
	('EUYNWK14W12S845B', 'ZRHGZ', 'AB+', 'DMOHIUC', 'ARTRITI INFETTIVE', '+54 2346556374'),
	('EVPYQP80T90U289C', 'WCSTBNRI', '0+', 'HZUXL', 'ARTROSI', '+31 1192984495'),
	('EVUAPM50V46Y762W', 'UNGMWRBRA', 'A-', 'KOHYDOOS', 'IPERTENSIONE ARTERIOSA', '5334579979'),
	('EYQBUN11V33F243T', 'UOZXLE', 'AB+', 'HBAFQJ', '//', '3061357704'),
	('EZJVWE27Q98A329P', 'OCFED', '0+', 'OIZVQF', 'MALATTIA DA REFLUSSO GASTROESOFAGEO', '+32 9962609007'),
	('FBPUHQ11J77B202L', 'FHMWAAJBI', 'A-', 'JXFVESE', 'MALATTIA DIVERTICOLARE', '3055388125'),
	('FCBFAH62D79X601E', 'OZUVLQC', 'A-', 'QXXAZBM', '//', '+81 7006435219'),
	('FCCMEG01B15A168R', 'HMZLJJGD', '0+', 'UUUUO', '//', '+47 4916783639'),
	('FDBYRY65B07Z990A', 'QTJWKGLON', 'AB+', 'JNBQSRQ', '//', '+52 4446642852'),
	('FEABTQ43W83Z046K', 'ADTUBC', 'AB-', 'XSZSHLXYV', '//', '+58 2724452833'),
	('FEUDTO03J56Y793L', 'HAIQWP', 'AB+', 'CUTPRSW', 'MALATTIA DI PARKINSON', '+50 7493278730'),
	('FHJSOP22Y59S214Q', 'MIESWDT', 'A-', 'VTMMD', 'MALATTIA DI ALZHEIMER', '+37 6903012107'),
	('FIDIBR29S98I663R', 'PFNPYCRNX', 'A+', 'BJWIN', 'SINUSITI', '9975831658'),
	('FJPYSQ66Y86S443W', 'PAWYWEJZ', 'A+', 'ETVIUP', '//', '+88 3976778685'),
	('FKIOXQ88S69Y398O', 'UIGFBGHX', 'AB-', 'LNRCBTQY', 'GASTRITE E ULCERA PEPTICA', '+29 6391804859'),
	('FNBJVF23M11E597S', 'WVPQXU', '0+', 'SJQQCGJSJ', 'DERMATITI', '+85 7721862374'),
	('FPWSQN30K61N445X', 'LOKKLQTPF', 'A+', 'QVPLJTRPL', '//', '6106712130'),
	('FQPZBV52A02K037H', 'NQEASNG', 'A-', 'YTQEZFJPJ', 'IL DOLORE', '5383813505'),
	('FRNHID06K76P748M', 'YJFTKDWQR', 'AB+', 'DUHVAK', 'TUMORE ALLA PROSTATA', '+45 6234887701'),
	('FTULCF62L84U524M', 'JBMUB', '0+', 'USUBU', 'MALATTIA DIVERTICOLARE', '8642626270'),
	('FWXZHO29S47O924A', 'QVXTCEHN', '0-', 'DEQLIT', 'CEFALEA', '+58 6601341564'),
	('GAVTHO53N97M739K', 'UTZJJEC', '0+', 'SJHABKUC', '//', '+70 3536813401'),
	('GBVVLT79T34H542Z', 'FVGJWIID', 'A-', 'JIIWR', '//', '1111342180'),
	('GHZUYT19Q60Q940V', 'GGBPKISA', 'AB+', 'BYYYM', '//', '+76 8133562040'),
	('GQBUSD05D02Y907P', 'WYORPS', 'A-', 'VMQENSCP', '//', '+80 9267148513'),
	('GQGNWA85E96G203U', 'QWHNKMJ', 'A-', 'QLCHA', '//', '5574273930'),
	('GQOAIO83E41R919L', 'DLRGJIQZU', 'A-', 'AEDKSRWOE', '//', '+41 6096247295'),
	('GULTKW56D27W119C', 'FRLZLOV', 'A+', 'WITFHWGXX', 'DERMATITI', '3615268837'),
	('GYHNRZ05B93T775C', 'IYQVX', 'A-', 'JRJZXMB', 'ARTRITI INFETTIVE', '1172749056'),
	('GZOHES81B79Y135S', 'KRFRI', 'A-', 'BPBOJEG', 'MALATTIA DA REFLUSSO GASTROESOFAGEO', '+63 2161277759'),
	('HBARXK75H29Z886W', 'IEKNEHBN', 'A+', 'NZGLO', '//', '6642369700'),
	('HDQZNI88U40H364I', 'KXFCKGKAZ', 'A-', 'WRBQDGWAA', 'MALATTIA DI HUNTINGTON', '+53 1015684901'),
	('HFMKAL18V18M243Y', 'YOUQEQ', 'AB-', 'TXBOS', 'ARTRITI INFETTIVE', '+73 4113979704'),
	('HFQHKW72O76L916F', 'NPXBS', 'A+', 'YXYGKKROM', '//', '+38 2205145049'),
	('HFYQWS38B52Y288M', 'GHKLKXILI', '0+', 'VBWBAGIO', 'PARAMORFISMI', '+72 8173645484'),
	('HGFUPM62F49C849P', 'GZLIZCCF', 'AB+', 'NQMSFU', '//', '2954504086'),
	('HGUKCP38Z54T925N', 'FQEEFQ', 'A-', 'OHXRIIQPK', '//', '+74 5967122576'),
	('HGWSTC32N82C471W', 'TNBSHVZET', 'A+', 'DVFOCTJ', '//', '+36 8294726751'),
	('HODZUY43K95Z049S', 'TXBEX', 'AB+', 'GQMOGAM', '//', '+30 5925483254'),
	('HRDSBF88Q08K481Z', 'KBRGZQFTW', '0+', 'SXCJN', 'IL DOLORE', '4746833666'),
	('HTMLVQ37J90P240G', 'RYNAVKC', 'A-', 'INRVID', '//', '9982195889'),
	('HXWIVX09R78A231B', 'RCHVFIIO', '0+', 'CRWUKBED', '//', '3855058054'),
	('HYZAUL29Q93T583F', 'IKACXDYD', 'AB+', 'TELFX', '//', '+79 2654109775'),
	('HZMHOV27I26Y638Z', 'PGOEDJNL', 'A-', 'ELQTN', 'TUMORE AL FEGATO', '+24 4367077981'),
	('IARQES55H01W322Q', 'MMNNBI', 'AB+', 'OVCAHIVYP', 'MALATTIA DI HUNTINGTON', '+64 5961623873'),
	('IAZESY05I48J053J', 'JVMCOIVY', 'AB-', 'IVMMPS', '//', '7313449883'),
	('IBCFXF64W26V807G', 'DTHIWYL', 'AB+', 'GDKFSYJA', 'MALATTIA DA REFLUSSO GASTROESOFAGEO', '+20 4031142776'),
	('IBDYBS89H33T676C', 'IJYFOQNVF', 'A+', 'ZQNRMLWXW', 'CEFALEA', '+22 5795341350'),
	('IBQLBF10O63G953T', 'NIFOSJPQ', '0-', 'XVIUX', '//', '+51 5811861831'),
	('IGPIMA50U94N440V', 'KYNPEKY', 'AB-', 'IMHFVEKCN', '//', '1836225190'),
	('IGQULM70S00X808N', 'VTIMEI', 'AB-', 'XZVBU', 'MALATTIA DI PARKINSON', '+42 1011367498'),
	('IJJPXR88B34B254W', 'OKJTEHY', 'AB-', 'SKDEUDBI', 'ATEROSCLEROSI E ARTERIOSCLEROSI', '3014891707'),
	('IKSIVY45V65E614E', 'EZTSQLK', 'AB-', 'XHUAZZNI', 'DERMATITI', '+29 4626911696'),
	('INXXUP14N62P673E', 'MGXQYSHAI', '0+', 'TSBPUC', '//', '+94 8833118178'),
	('IPARNJ93P18D010V', 'EARZNW', 'AB-', 'WOWJZYI', '//', '7706878909'),
	('IPFIRD04O18M052W', 'KKOLPG', '0+', 'IMFEDDJK', '//', '3086715227'),
	('IUOFYL30Z43N765D', 'MQHVQRV', 'AB-', 'WIUNSS', '//', '+20 7975965244'),
	('IYXABX83V07B376Z', 'FCJVEKQTE', '0+', 'AZIGLZRRR', 'SINUSITI', '6776218323'),
	('JDRWJR50W77I839F', 'FPSSBBAUV', '0+', 'HSXYSIHR', 'MALATTIA DIVERTICOLARE', '+21 5562941261'),
	('JEDCVL33M61Q575M', 'YUTGYTZH', '0+', 'YWGSJLLZ', '//', '+54 2123808549'),
	('JEDNPO60S93H049B', 'VPAQBZC', '0+', 'ACOCOQ', '//', '5202386860'),
	('JGWQVX01O14D025U', 'DWWMFSHR', 'AB-', 'ZJQOII', 'ARTRITE REUMATOIDE', '6192468625'),
	('JJFBIF33U11W766R', 'OLCUY', 'A+', 'GWCRO', 'MALATTIA DI ALZHEIMER', '2432846965'),
	('JJVWCI24Z72W124J', 'BYGCZYLL', '0-', 'YZYADOKR', 'MALATTIA DI HUNTINGTON', '5984465284'),
	('JKJAXJ42X75C913Y', 'TFUCIUWPY', 'A-', 'BKPVA', '//', '4622774475'),
	('JRQYUK33E33N806N', 'TDPUN', 'A-', 'GGULS', '//', '+39 6702283086'),
	('JRZFYO16J30B534Q', 'GTSMOKF', '0-', 'JECSY', 'SCHIZOFRENIA', '3975785057'),
	('JZQTUL91P19P563B', 'POSUTMSM', 'A+', 'LDVMCF', '//', '1932615235'),
	('KAWSOS02P82K451K', 'JFXQB', 'A-', 'WDKXZK', '//', '8392942615'),
	('KENREC26O89J046W', 'OHZVZOUXH', 'A+', 'VTQXXYM', '//', '1535888690'),
	('KIVZJV68R21B661Q', 'GRYRXU', '0+', 'YARMTOJL', '//', '5657378695'),
	('KJPSQW52H69F987Q', 'GOHUWJZXK', 'AB+', 'NRHJDKD', '//', '+45 2702708291'),
	('KRDYNF75N09O247C', 'IYYNNOSK', '0-', 'BUQGXQ', '//', '+37 9201916637'),
	('KRTAQA78D69D092X', 'WFYJFAGOS', 'A+', 'GSUYHUAHL', 'CEFALEA', '+30 2972048316'),
	('KRYZUX68E42D528G', 'DAETZ', 'AB+', 'AXAQN', 'MALATTIA DI PARKINSON', '6233781626'),
	('KUQXYS56A90Z976G', 'TBERCROF', 'AB-', 'QCUQN', '//', '1602321035'),
	('LBMVDZ99T49G582U', 'LEAAUMR', '0+', 'GKORHNYXP', 'DISFUNZIONE ERETTILE', '+18 9864065089'),
	('LGGVNP69J15Y945U', 'QIERP', '0-', 'RYUIUROB', 'DIABETE MELLITO ', '3452862295'),
	('LGXRWL66S29N613P', 'KVAXZLF', 'A+', 'KDDYCWGA', '//', '3407377899'),
	('LJFKCH49F14N603U', 'MEWNFKU', 'AB+', 'OHLAW', 'CEFALEA', '9921769139'),
	('LSTIUP01Z89C379D', 'FWDVRPNP', '0-', 'VHCLNNOZH', 'MALATTIA DA REFLUSSO GASTROESOFAGEO', '9301999005'),
	('LTGRWC98J25T108A', 'RYAYV', '0+', 'ZINIWL', 'SINDROME INFLUENZALE', '+91 7063848581'),
	('LVTTQB52T37H998S', 'KSEPKS', 'A-', 'FBAHA', '//', '+43 4345315548'),
	('LXFQLG33G24W727H', 'ENBRVALC', 'A+', 'EPRFIDZ', '//', '+27 2327224703'),
	('LXOSIH45K34R343M', 'QZMUIMA', 'A+', 'AYLOKD', 'MALATTIA DA REFLUSSO GASTROESOFAGEO', '6601827816'),
	('LYCZDB45E03D383K', 'SFMXRZFS', 'AB+', 'JSQHN', 'CEFALEA', '+78 5925869004'),
	('LYMLFV66A49Q698B', 'DLJQV', '0-', 'OEIGSEBRU', '//', '+19 3653538375'),
	('MBYFAB42L20U976Z', 'HZSEILHYQ', 'A-', 'BTKWCCAVI', 'MALATTIA DI PARKINSON', '1076084320'),
	('MGITVN04E17T272Q', 'GGGCQN', 'A-', 'HYQPGABJ', '//', '9472127840'),
	('MHIHFG47M42E541B', 'LKIZIN', '0-', 'ETCIQZWT', '//', '3283694683'),
	('MLHXUG26Z17B888U', 'ZCOWO', 'A+', 'YHBHCJ', '//', '+33 9026965532'),
	('MNGKPD24Q78Z890U', 'KVSERQ', 'A+', 'KKHKPJJVT', 'DISFUNZIONE ERETTILE', '+50 3573588017'),
	('MQTGOM57X63S081U', 'QNDBLZK', '0+', 'PESYJ', 'MALATTIA DA REFLUSSO GASTROESOFAGEO', '3534614887'),
	('MSGNUN98M36I043H', 'QNMNTWEV', '0+', 'BNUOID', '//', '+98 6692436042'),
	('MSIJFV05L43Y558F', 'IKGNWB', 'AB+', 'EGTBQCP', 'ARTRITI INFETTIVE', '8091541067'),
	('MZANOB11A76F417J', 'WETIWFC', 'AB+', 'WEFWKB', 'SCHIZOFRENIA', '8441517694'),
	('NBBJBO25Q22J121T', 'FULDYZGRH', 'A-', 'RJXPZDK', 'MALATTIA DI HUNTINGTON', '+52 1444279673'),
	('NCCXBH22U81K863P', 'HKHSIRS', 'A-', 'IYNPTPISG', '//', '+97 2041176899'),
	('NDTIQK04J64U969C', 'UBOFF', 'AB+', 'GZPWO', 'IPERTENSIONE ARTERIOSA', '+95 3432215332'),
	('NIBXLN96F39Q092L', 'DBBHC', 'AB+', 'PJNZHY', '//', '+64 9015875010'),
	('NLHYME13N54M101S', 'UONWDONT', 'AB-', 'SIGKL', '//', '6496554487'),
	('NLZAJD91O57Z994O', 'CTULYMNL', '0+', 'EEOPCTT', '//', '3912661075'),
	('NPFJFL18Y67Z364M', 'QWSSP', 'A+', 'WQKNWF', '//', '1834075708'),
	('NPYBET09G67E259V', 'DUJWUVG', 'AB+', 'HEAPZJPZ', 'MALATTIA DIVERTICOLARE', '2733772642'),
	('NULXAB85T64K541K', 'BWOBQ', 'A-', 'XZUBKYWY', 'DISFUNZIONE ERETTILE', '+66 1204852978'),
	('NZPUOS48G87W296B', 'HBBIIEOFK', 'AB-', 'FBKOX', '//', '1875043785'),
	('OCDUEC18E11D430C', 'PQNCBTU', '0+', 'JLBOEB', 'OSTEOPOROSI', '+25 8687138368'),
	('ODMVSU37A37B179Y', 'AVZDE', '0-', 'BBRBF', '//', '+71 6803287148'),
	('OFIETS09Q92Y513E', 'TIDFWAYWI', '0+', 'MAPNUPI', 'OSTEOPOROSI', '2536084554'),
	('OGDZJJ52R61R548T', 'XMLXCNZQ', '0-', 'MAQRUB', 'SINDROME INFLUENZALE', '6574872746'),
	('OKCIJR17L07F781K', 'SAPMS', 'AB+', 'TUSXQRLIP', '//', '+38 2147211726'),
	('OKUXHQ33A71W659P', 'OPSMSVIFS', 'A-', 'YGCNEONR', '//', '8381691187'),
	('OMLFYM39A48Q392D', 'VULFMO', '0-', 'LEIXTHG', 'MALATTIA DI PARKINSON', '+91 5652853376'),
	('OPETUP83E27J507D', 'KERQFB', 'AB+', 'ZJRDPNX', 'CEFALEA', '9087167812'),
	('OTCIVW75M65B102V', 'NORIFRGR', 'A-', 'DJHKBTQBW', 'SINDROME DI DOWN', '+59 5176183210'),
	('OXGRZR82P19X023F', 'MAZZEN', '0-', 'UXLGCGZO', 'TUMORE ALLA MAMMELLA', '+37 2815908839'),
	('OYSLVD31P92K703Y', 'QJZUOZ', 'A+', 'HGXUFHX', 'CEFALEA', '+85 3475866109'),
	('PBNUBQ72O32Z829D', 'CHNRJP', 'A-', 'BWSAMAGDW', '//', '+39 7626552715'),
	('PEDHZF40D07Z145T', 'HBTEJLQH', 'AB+', 'FVQQJMS', 'OSTEOPOROSI', '7357249567'),
	('PFAOQY47P14T106W', 'UUZQQCMV', '0+', 'UVCBRWJ', '//', '3122336461'),
	('PIVECA89X51G931X', 'FFGHOCUVT', 'AB-', 'HYEOM', 'MALATTIA DI PARKINSON', '+32 3642018173'),
	('PKLITL12P73Y152Y', 'FRBSJI', '0-', 'HOMLEFQ', 'DIABETE MELLITO ', '4096888491'),
	('PQJKQL99N37F236Z', 'PEELWOTTJ', '0-', 'ZNLJFED', '//', '+16 4201133980'),
	('PRTULV12W88K851K', 'OUFDVJA', 'A-', 'ENFSFT', '//', '+25 6221289935'),
	('PSTXGC99D94A042P', 'EGJMECZX', 'AB+', 'KVSOGF', 'DERMATITI', '+61 6042081310'),
	('PVBQUN56A35N483B', 'KDJROCCUR', 'AB+', 'MRICVUZ', 'MALATTIA DI PARKINSON', '6882443579'),
	('PVOQHF13U73P271B', 'GGONDBSRW', 'AB+', 'WABZSGMO', '//', '2653742269'),
	('PWNSTO09O81H339N', 'CHVKSK', 'A+', 'XKLEXZF', '//', '7223407518'),
	('QAOVSG32J46O108R', 'ZPENLZ', 'AB-', 'CKPNWVM', 'MALATTIA DA REFLUSSO GASTROESOFAGEO', '3025693261'),
	('QBKWZJ24Y93P821W', 'NRDNLQCB', 'AB+', 'UQZRHQG', '//', '+27 3546626818'),
	('QDWIPJ24R92Y573T', 'GXIGF', 'AB-', 'SIRJUV', '//', '+95 1516185134'),
	('QEXGRB58J46D800R', 'KBNEYPIZT', 'A+', 'IMQYIIVZK', '//', '+40 3124767860'),
	('QFEZXM99S47J415J', 'JEMPWB', 'A-', 'HBWCGIWKD', 'MALATTIA DI PARKINSON', '+58 7943326526'),
	('QHZINE54Y47P850H', 'ZOTNWOP', 'AB+', 'VFXBMGTTA', 'DISFUNZIONE ERETTILE', '+81 8091854069'),
	('QIWIAZ78S55L669B', 'HWDJNVM', '0-', 'TVWKF', '//', '7231811703'),
	('QIYIGB40O23C240F', 'VZTMKBET', 'A-', 'BQYLOFYS', '//', '7642904075'),
	('QJFYXV15B47N557R', 'XABTQZCG', 'AB-', 'QGIUN', '//', '+13 4294234800'),
	('QOJNTJ56N85R259F', 'UZTHJUG', '0+', 'VYUMRQ', 'GASTRITE E ULCERA PEPTICA', '9734881189'),
	('QPJHMJ64W14D163Z', 'PNAVMH', 'AB-', 'SHHFDPK', 'IPERTENSIONE ARTERIOSA', '6262037777'),
	('QTKLGB07M86P142Z', 'VGGKC', 'AB-', 'ZWZUSZGV', '//', '7723254717'),
	('QTXJXS00V62K023I', 'QYLRJAZ', '0+', 'JDIESJC', '//', '+19 3561103204'),
	('QZCQZY91Q35J404A', 'QBXOFH', 'AB+', 'XFEFLQZ', 'TUMORE AL FEGATO', '8247003508'),
	('QZTPFH03X83R597P', 'VBYZR', 'AB+', 'UZYWEP', '//', '+66 2071194141'),
	('RIIMHD33V89K115Y', 'ZOGJBKPV', 'AB-', 'HZMNT', '//', '+19 7332724245'),
	('RLVSDN82L48W004K', 'SOKJJXXM', 'AB-', 'ZCLGWEO', '//', '2881277629'),
	('RMKHVP41V29X232A', 'VPVQQSZGS', 'AB-', 'MJUIYKPJG', 'CEFALEA', '5153319050'),
	('ROOTVI61Y47F824R', 'GHOAKY', 'AB+', 'HDKCN', '//', '+66 7745718733'),
	('RPTJRC62U39O446V', 'JAYXCSXN', '0-', 'KWTNYZ', '//', '+85 8115604726'),
	('RSUTRY71G76C574A', 'AYGCV', 'A+', 'NYXBCJT', '//', '+58 5545194997'),
	('RZNGXU37Y22Z775M', 'HAUYZ', 'AB-', 'OTQWFHER', '//', '+14 8401717024'),
	('RZQPWA04C12S404B', 'PGPRR', 'AB+', 'UJNOSK', 'MALATTIA DI PARKINSON', '+66 6693369011'),
	('SEONZV35U05P418I', 'POSLOQ', '0+', 'WPBVX', '//', '9992925389'),
	('SEZYUA96J62F087A', 'MDHQLQXN', 'A+', 'QEDERN', 'IPERTENSIONE ARTERIOSA', '+44 6532355079'),
	('SIWEVN03S63U815R', 'YCQWRQHDO', 'AB+', 'WVAZKUAHP', '//', '+76 8301452125'),
	('SKLFZM55Z91B790W', 'XOQSMN', 'AB-', 'DPRXOA', '//', '+13 1021475037'),
	('SKWGVH25H97J630Z', 'HEZGZEMUF', 'A+', 'DDGQWIBQD', 'MALATTIA DI HUNTINGTON', '+81 4734836874'),
	('SKXDVA55H64Z641R', 'SZPPYGO', 'A+', 'OCMDQHYI', '//', '7442717862'),
	('SNYOIX63P94I824A', 'MOQRBBC', 'AB+', 'GECJBPWZU', 'DERMATITI', '+78 4306638999'),
	('SSNWNP16U92J042O', 'COVVHW', 'AB+', 'KHBJNGZNY', 'GASTRITE E ULCERA PEPTICA', '+19 8365487588'),
	('SSSKAP08H42Q803M', 'RIHUTE', '0-', 'NGPKYD', 'MENINGITE', '7816848186'),
	('STISJJ34G80O408E', 'ACLEI', 'A+', 'FYCRQ', 'MALATTIA DA REFLUSSO GASTROESOFAGEO', '+17 6884227780'),
	('SXHRUC05F90X119X', 'WJGFTYCVV', 'A-', 'EVXXKPLSL', 'ATEROSCLEROSI E ARTERIOSCLEROSI', '+15 6646435797'),
	('SZTSHX25F35L698R', 'SWEIE', '0+', 'SVCBN', '//', '+18 6226717523'),
	('TDPDAT49Q95N257Q', 'UZVVF', 'AB-', 'SVBSKFQ', '//', '+80 7091109363'),
	('TDUXUB44D77D982R', 'FDKTGZI', '0+', 'QZBWJSYB', '//', '8005293907'),
	('THWGHH69S63P006X', 'TYSZWL', 'A-', 'GVDQXHXS', 'SCHIZOFRENIA', '+29 2682272155'),
	('TJUPMP42T25Q035C', 'XFNPEDTO', '0+', 'ADATN', '//', '2022738475'),
	('TJWZVT42N05R291P', 'UWEXEIYT', 'AB+', 'IMODHVVMK', 'TUMORE ALLA PROSTATA', '6322553812'),
	('TKFFDX29X24H146A', 'VVNFLMBU', 'AB+', 'TAXRRRGB', 'MENINGITE', '+76 2452342862'),
	('TKUCKU57E10A852P', 'ZHPJR', '0-', 'IUJXSU', 'ARTRITE REUMATOIDE', '+94 2892762606'),
	('TLAQUL21M13J629Q', 'KTMFJ', '0+', 'UBPZXDEO', 'ARTRITE REUMATOIDE', '1145904163'),
	('TOOWYN06M10E759L', 'NABSGUCHR', 'A-', 'JIHQAGA', '//', '8756368371'),
	('TPSZAT00J61U344H', 'VHHWQ', '0-', 'KODMCWAD', 'MALATTIA DI ALZHEIMER', '+85 9825862924'),
	('TTLKVV91R27D324E', 'KQYIE', 'AB-', 'IFVSFJV', '//', '+55 8675279582'),
	('TYXWZR50O27M217X', 'GJGJLO', 'A-', 'AGLJQPHMI', 'SINDROME DI DOWN', '3274927108'),
	('UBXASJ40V64M744W', 'UHXACPMK', 'A-', 'NJVACFSTO', '//', '6802614974'),
	('UJCPTW24X72Z669F', 'IGXUJHH', 'A+', 'RFMBFB', 'ARTRITE REUMATOIDE', '+61 1124265883'),
	('UKVTLN32B34D217O', 'DGVIWZG', 'AB+', 'YORZF', 'MALATTIA DA REFLUSSO GASTROESOFAGEO', '4827321004'),
	('UOFQTX29T40P153Q', 'QOWNVMM', 'AB+', 'QSYLZW', 'SCOLIOSI', '8312839520'),
	('UWJYKS32D45S837I', 'RGWBFMLF', '0+', 'HWPUF', 'MALATTIA DI PARKINSON', '+93 8622731843'),
	('UXDGEY84R16Y166B', 'YBGOFARE', 'AB-', 'KQGTPQG', '//', '+76 8784679834'),
	('UYUYVO88U65X592R', 'LQFTSHCX', 'AB-', 'PGTQGX', 'INCONTINENZA URINARIA', '8931715563'),
	('VBDBQX02I08F159I', 'OASXDDQOQ', 'AB-', 'TQIGLVLSH', '//', '+11 2284848941'),
	('VCAMUF57U61U085S', 'KPOMNLYHI', 'AB+', 'LTHLGHVA', 'ARTRITI INFETTIVE', '3646081006'),
	('VCBKLD91O08Q867E', 'VQPYRS', '0-', 'ULEOQGZF', 'SINDROME DI DOWN', '+53 7863937973'),
	('VDETPG76D72M831X', 'ZQASCCRQ', 'AB-', 'ETSVIA', 'SINDROME INFLUENZALE', '2301395778'),
	('VGZRIU58S34N684J', 'RDXGJLE', 'AB-', 'VCDXUUCX', '//', '+10 5633925237'),
	('VMDXGA81Q22Q539V', 'OZPSKB', '0-', 'RRQFWKLJD', 'DISFUNZIONE ERETTILE', '4442235804'),
	('VMFRLA17G15W821T', 'KYGOX', '0-', 'XSURSZNL', 'ATEROSCLEROSI E ARTERIOSCLEROSI', '1823457432'),
	('VQSHMT70Q55G515M', 'DMDKZ', 'A+', 'EJECO', 'IPERTENSIONE ARTERIOSA', '7514623263'),
	('VQWBJW07E86K757F', 'AGMIKZWX', '0-', 'RIUFVHOD', 'PARAMORFISMI', '3591309653'),
	('VRJHDW34E95Z551V', 'FTNCNZL', 'A+', 'QUFNATPC', 'MALATTIA DI ALZHEIMER', '6864834741'),
	('VSVTAF16W74Y218G', 'FESLO', '0+', 'CLABTJVT', 'SINUSITI', '3884543345'),
	('VUUHQY32Z74T591Y', 'VWEZZOGY', '0-', 'FIOANRL', 'ARTRITI INFETTIVE', '6762899357'),
	('VXBAYN35B70U467K', 'FBKAPFCNT', '0-', 'XIUKVSA', 'MENINGITE', '+48 5556003206'),
	('VXGMIM52V12U622W', 'YMOTAA', 'A+', 'NHPUE', 'MALATTIA DA REFLUSSO GASTROESOFAGEO', '9676393898'),
	('VZEMGW51R62Y363R', 'SUWHKVTC', 'A+', 'XICCF', '//', '6765604385'),
	('WAMQVH89Q75O534H', 'VHGLG', '0+', 'MLYURXF', 'TUMORE ALLA PROSTATA', '+79 9855004750'),
	('WATDMS34J66F490R', 'PFRJPELQ', '0-', 'QAFBPAAH', 'TUMORE ALLA MAMMELLA', '+24 7426926280'),
	('WBRQCP10U33F642O', 'PAKFLH', '0-', 'NZZKZNYE', '//', '7166258794'),
	('WCQTMQ34T28Y477E', 'TKCYD', '0+', 'GFNAELLWF', '//', '1037062968'),
	('WEKNYP38S40O510C', 'OHORAH', 'A+', 'VBIRALVN', '//', '9974548251'),
	('WKAVYS42E95Q132A', 'ODSQGZT', 'AB-', 'RYRZN', '//', '7535334144'),
	('WKVXIU36N56Q869S', 'LIZNMXZX', 'A-', 'FUVPS', 'SCOLIOSI', '+39 4465566561'),
	('WOAZHC19O65Z655T', 'XHMQRJ', 'AB+', 'IPDASUYZG', 'INCONTINENZA URINARIA', '+64 7613878414'),
	('WOCFTM32B22C974S', 'GVPVLCR', '0+', 'DYTOTTEG', 'CEFALEA', '2916325186'),
	('WPYLSX33U24Q303F', 'OQXBMVHKG', 'A+', 'DNJOK', '//', '+85 2066922956'),
	('WYDEZD80R93G172Y', 'PUEYMZ', 'AB-', 'DUIIKIR', '//', '+79 9314186946'),
	('WZKOIV18N76T815M', 'QXNZFKE', 'AB-', 'JXVATBU', 'MALATTIA DI HUNTINGTON', '5445404958'),
	('XBAWMY99Q13Y202X', 'XWKUO', 'AB+', 'NJASKGF', '//', '8685729319'),
	('XCMNTC97Q83T871S', 'IZKGF', '0+', 'TBPPB', '//', '2322007673'),
	('XFTCDD93D36G204P', 'ZEZGA', '0+', 'GEXBCABY', 'IPERTENSIONE ARTERIOSA', '9104977394'),
	('XFTILQ83M83B891R', 'BQCJZSA', 'AB+', 'QNUMMGBT', 'GASTRITE E ULCERA PEPTICA', '8032201822'),
	('XJFMMA56V76O528M', 'CBTJBIV', 'A-', 'YTRBWEE', 'MALATTIA DIVERTICOLARE', '+78 6903292820'),
	('XJJTTL47K33Q032Q', 'OOJQB', '0+', 'FMJOW', 'TUMORE AL FEGATO', '+29 9544199398'),
	('XLAOTC07V65J128W', 'MZEDGB', '0-', 'UJYWTA', '//', '2886025333'),
	('XLONXA74G35C444B', 'OWUTDH', '0-', 'COCIQFHQ', 'DERMATITI', '+40 6003583656'),
	('XOCTHA51M46K648K', 'ZDFKGW', 'AB-', 'TIGMGZZWG', '//', '4593337600'),
	('XTJRNB43B25P501M', 'PFRUP', 'AB-', 'EAPDJF', 'MALATTIA DIVERTICOLARE', '5732815150'),
	('XTPBEB27N86D162A', 'OXUHHHS', '0+', 'RYCOTABRW', '//', '+76 5833145392'),
	('XYJSMZ17O03F024A', 'OIHQBXSYD', '0-', 'RBDYVVAJI', '//', '4064914259'),
	('YAVDIY44L40K503G', 'IGMMVJTU', 'AB-', 'EWAHIHQ', '//', '+38 5734411732'),
	('YBDBZI71A92X190V', 'HATGSYRMF', 'A+', 'RSGRRO', 'MALATTIA DI ALZHEIMER', '6232034670'),
	('YGRECR24Z49C818I', 'ZJOHTPXE', '0-', 'NGRAIE', 'ATEROSCLEROSI E ARTERIOSCLEROSI', '1295024516'),
	('YHAFYU85G11P632Q', 'WSFUB', 'AB+', 'DWUTNBN', '//', '3146568153'),
	('YKWPAH22K84C632H', 'IGZRWA', 'AB-', 'MACJMVQYG', '//', '5572546246'),
	('YLMYOZ19Z81M334Q', 'CBWDQGPCS', 'A+', 'NWLROUX', 'DIABETE MELLITO ', '+86 5851004372'),
	('YNVXBF62Y82R987M', 'LKGJJHCUC', '0+', 'TPYWYWHFK', '//', '3412748972'),
	('YPHCWX13T18O388Q', 'JOWMNZQ', 'AB-', 'UTJRK', '//', '1802529509'),
	('YQJJGO14E36I600Z', 'UGPQW', '0+', 'KKWXUNS', 'IPERTENSIONE ARTERIOSA', '+50 1532913173'),
	('YWWAHV27U27S830D', 'EUHEI', '0+', 'KFXWETKEC', '//', '2832153391'),
	('ZAPTYT68J63E207W', 'LIQMC', 'AB-', 'VHMWBZWT', '//', '+74 4795675970'),
	('ZFRMYI86K36Y672J', 'IJURBKYHZ', 'AB-', 'METTKM', '//', '+71 2431054145'),
	('ZQODHS03V92G972U', 'NOLMWYTG', 'AB-', 'CGEVNCUY', 'MALATTIA DA REFLUSSO GASTROESOFAGEO', '+33 6542015010');
/*!40000 ALTER TABLE `guest` ENABLE KEYS */;

-- Dump della struttura di tabella digitaldonation.hibernate_sequence
DROP TABLE IF EXISTS `hibernate_sequence`;
CREATE TABLE IF NOT EXISTS `hibernate_sequence` (
  `next_val` bigint DEFAULT NULL
) ENGINE=InnoDB DEFAULT CHARSET=utf8mb4 COLLATE=utf8mb4_0900_ai_ci;

-- Dump dei dati della tabella digitaldonation.hibernate_sequence: ~1 rows (circa)
DELETE FROM `hibernate_sequence`;
/*!40000 ALTER TABLE `hibernate_sequence` DISABLE KEYS */;
INSERT INTO `hibernate_sequence` (`next_val`) VALUES
	(1517);
/*!40000 ALTER TABLE `hibernate_sequence` ENABLE KEYS */;

-- Dump della struttura di tabella digitaldonation.indisponibilita
DROP TABLE IF EXISTS `indisponibilita`;
CREATE TABLE IF NOT EXISTS `indisponibilita` (
  `id_indisponibilita` bigint NOT NULL,
  `data_prossima_disponibilita` datetime(6) DEFAULT NULL,
  `motivazioni` varchar(255) DEFAULT NULL,
  `nome_medico` varchar(255) DEFAULT NULL,
  `donatore_codice_fiscale_utente` varchar(255) DEFAULT NULL,
  PRIMARY KEY (`id_indisponibilita`),
  KEY `FK4ceph7see724oxhvehccr6lw0` (`donatore_codice_fiscale_utente`),
  CONSTRAINT `FK4ceph7see724oxhvehccr6lw0` FOREIGN KEY (`donatore_codice_fiscale_utente`) REFERENCES `donatore` (`codice_fiscale_utente`)
) ENGINE=InnoDB DEFAULT CHARSET=utf8mb4 COLLATE=utf8mb4_0900_ai_ci;

-- Dump dei dati della tabella digitaldonation.indisponibilita: ~0 rows (circa)
DELETE FROM `indisponibilita`;
/*!40000 ALTER TABLE `indisponibilita` DISABLE KEYS */;
INSERT INTO `indisponibilita` (`id_indisponibilita`, `data_prossima_disponibilita`, `motivazioni`, `nome_medico`, `donatore_codice_fiscale_utente`) VALUES
	(2, '2022-01-28 17:58:08.897000', 'RKSNCQBU', 'OSNCOX UCSRXAF', 'KUJNYJ89Q70W122U'),
	(3, '2022-01-25 17:58:08.987000', 'ZDPEX', 'RFCMFAU HPDFIHBI', 'KUJNYJ89Q70W122U'),
	(6, '2022-02-02 17:58:09.043000', 'OFXYBZAQ', 'GLNIJ IUWOZLEMG', 'XYGNWB69C96U044D'),
	(7, '2022-01-22 17:58:09.060000', 'FEFIDNLG', 'ZQJNKIPQ HZQZS', 'XYGNWB69C96U044D'),
	(8, '2022-01-29 17:58:09.079000', 'OCFQL', 'LCCIRTM YXHOMSFH', 'XYGNWB69C96U044D'),
	(10, '2022-03-01 17:58:09.115000', 'ZZGCOL', 'TZRIPZSLU UDCVWVR', 'AUMNCM18X04O772I'),
	(11, '2022-01-22 17:58:09.138000', 'RHFNNR', 'KJGBGL DECBT', 'AUMNCM18X04O772I'),
	(12, '2022-02-05 17:58:09.153000', 'MEKSSS', 'XTBFZAYH IGASO', 'AUMNCM18X04O772I'),
	(13, '2022-02-24 17:58:09.169000', 'HIKDGIF', 'SMGYFQTMO PNUSAS', 'AUMNCM18X04O772I'),
	(15, '2022-02-26 17:58:09.205000', 'DFHGOIB', 'OWRRARG NDNDJ', 'WNWEDS81P07G121A'),
	(17, '2022-01-31 17:58:09.240000', 'SXKFCXZP', 'VAGDNOTD IKMASFVH', 'IPZTZK21U52F309R'),
	(18, '2022-02-09 17:58:09.256000', 'UDCUJIKJM', 'RVXOGIDBG NNMUGDAY', 'IPZTZK21U52F309R'),
	(20, '2022-01-29 17:58:09.294000', 'HKEBKSKX', 'LXXGP NHQRJYK', 'LMFNLD52F75Z670K'),
	(21, '2022-02-14 17:58:09.312000', 'IQFEOKE', 'OKQADGFBY VIHZKJYRV', 'LMFNLD52F75Z670K'),
	(24, '2022-02-17 17:58:09.361000', 'RSRRAY', 'UVWUX UWUIS', 'NOAUUU95T61N042C'),
	(26, '2022-02-11 17:58:09.397000', 'HNRQUO', 'XURXAPIBR AXXHNCOY', 'EJDRLM98P69U647J'),
	(28, '2022-01-30 17:58:09.484000', 'YGKKJS', 'OCIFIRD XLEFPIGP', 'OYAHEF81M30W237F'),
	(29, '2022-01-20 17:58:09.526000', 'RUNWF', 'NTFBELHE QBIVZ', 'OYAHEF81M30W237F'),
	(30, '2022-02-17 17:58:09.565000', 'WEIJSAC', 'XCHDHRMZQ ERIXGVI', 'OYAHEF81M30W237F'),
	(31, '2022-02-23 17:58:09.605000', 'FWIJKKIY', 'ANUMYMRS TNORYCOP', 'OYAHEF81M30W237F'),
	(33, '2022-02-16 17:58:09.671000', 'ZKDNM', 'XRHUAX HLMDPRPNH', 'ERXPPW88E58L155Q'),
	(34, '2022-01-23 17:58:09.686000', 'KEKNF', 'GDYOARWEQ MLTRUT', 'ERXPPW88E58L155Q'),
	(36, '2022-02-04 17:58:09.720000', 'XINFNC', 'FFEQJTGNN EBFPK', 'HLOVUL79R56Z165M'),
	(37, '2022-02-25 17:58:09.739000', 'GPNTT', 'OPXDE EUMXDO', 'HLOVUL79R56Z165M'),
	(38, '2022-02-26 17:58:09.754000', 'WMIRC', 'TIYSTGHXB LAIDPKJKB', 'HLOVUL79R56Z165M'),
	(39, '2022-02-19 17:58:09.768000', 'SDTPL', 'WNGMXPOHA ERKLMK', 'HLOVUL79R56Z165M'),
	(40, '2022-02-16 17:58:09.785000', 'KLKNCZSV', 'JZJGXN DRCHYHEML', 'HLOVUL79R56Z165M'),
	(42, '2022-02-22 17:58:09.819000', 'PZSVGGNQ', 'GHEKGZHY IENOHYDXY', 'GFLPZM21W42D576H'),
	(43, '2022-02-08 17:58:09.837000', 'GQGPC', 'BWQDDRAIK DKRAN', 'GFLPZM21W42D576H'),
	(44, '2022-02-11 17:58:09.853000', 'CWDTLDTKS', 'WTWJRRTX TJAKIRZ', 'GFLPZM21W42D576H'),
	(45, '2022-02-26 17:58:09.871000', 'XLEIXKIH', 'ISNKCOY XWRRFET', 'GFLPZM21W42D576H'),
	(46, '2022-02-26 17:58:09.887000', 'TUNCCEJYM', 'DZGUHC NIOJIKWFE', 'GFLPZM21W42D576H'),
	(48, '2022-01-25 17:58:09.921000', 'QIQOYM', 'UQHLD AOYUPWWKS', 'BSRZSP35I62U346C'),
	(49, '2022-02-16 17:58:09.936000', 'TSOVI', 'KVZQSIVP ETJTPIHCX', 'BSRZSP35I62U346C'),
	(50, '2022-02-15 17:58:09.952000', 'SMBTSAA', 'PCJWBMD GBRWAWEQP', 'BSRZSP35I62U346C'),
	(52, '2022-02-04 17:58:09.987000', 'DVQIRLJT', 'LEBXTID FOAKHZZND', 'GWDMCR67P92N206Y'),
	(53, '2022-02-06 17:58:10.001000', 'KFIRESZG', 'NIIDQNZYE KCJGE', 'GWDMCR67P92N206Y'),
	(54, '2022-02-24 17:58:10.014000', 'AXIBBGAC', 'IJHFS CVLIIF', 'GWDMCR67P92N206Y'),
	(56, '2022-02-05 17:58:10.046000', 'TZXLXTWAA', 'ADISFLA MIRUFP', 'EFPCWP42J08O567B'),
	(57, '2022-02-27 17:58:10.061000', 'LEOEAYVGU', 'ZZOVSEFP DOLDH', 'EFPCWP42J08O567B'),
	(59, '2022-02-06 17:58:10.105000', 'QILBL', 'WYVFUMUK PSMSGJ', 'CYCSGW22E82G055S'),
	(60, '2022-02-06 17:58:10.121000', 'AUJROHBR', 'BQHGC EDJXNQDCQ', 'CYCSGW22E82G055S'),
	(61, '2022-02-09 17:58:10.145000', 'AKMRKNQ', 'RGDIMVKFY HZQDIWZBY', 'CYCSGW22E82G055S'),
	(63, '2022-02-14 17:58:10.179000', 'EGRPF', 'YPOFJKSRT DBRDRB', 'RWSDKA85C96N935A'),
	(64, '2022-03-01 17:58:10.195000', 'OHQBOEOZ', 'SVZPTJMVW FFMLAKU', 'RWSDKA85C96N935A'),
	(65, '2022-02-27 17:58:10.210000', 'XYQKDR', 'GGQMDHKD YGCMLMS', 'RWSDKA85C96N935A'),
	(67, '2022-01-23 17:58:10.247000', 'OTVOVVN', 'BEZKJ XWQKKVA', 'RZMXHF87E76B749L'),
	(68, '2022-01-26 17:58:10.263000', 'EMGCDP', 'TMOAVDKOS NOPUQIXMT', 'RZMXHF87E76B749L'),
	(69, '2022-01-31 17:58:10.277000', 'INXEU', 'DZZOYSDP RIHJCJXST', 'RZMXHF87E76B749L'),
	(71, '2022-02-01 17:58:10.306000', 'RSRLGNG', 'ZEWVEP MSUJFBRV', 'INJTXK08I21Q383G'),
	(73, '2022-01-28 17:58:10.337000', 'SLWIZZJEA', 'HYXLVVWJV PPAYWL', 'MKDMPW68X18X526N'),
	(74, '2022-02-10 17:58:10.353000', 'UHQZFCU', 'PJLPD JKHHW', 'MKDMPW68X18X526N'),
	(75, '2022-01-26 17:58:10.367000', 'VMAQMI', 'UIPJLPETL BKSTXSR', 'MKDMPW68X18X526N'),
	(76, '2022-02-06 17:58:10.383000', 'ASMSLXGF', 'MFEUODHW MDZUTACW', 'MKDMPW68X18X526N'),
	(77, '2022-01-26 17:58:10.397000', 'MVAZNOMOT', 'OYTMDRZE FBEGYVVKY', 'MKDMPW68X18X526N'),
	(79, '2022-02-26 17:58:10.461000', 'EOMMAWJL', 'QYLBXGS XZOGPV', 'YWTZEE28H83I988S'),
	(80, '2022-02-09 17:58:10.489000', 'PFQPV', 'OGUHVJSPF PZNXB', 'YWTZEE28H83I988S'),
	(82, '2022-02-03 17:58:10.525000', 'QIXCJ', 'RKNAJTLY CHTPXBMZ', 'SBCZCR89D44T109X'),
	(84, '2022-02-08 17:58:10.569000', 'OCKFEU', 'GPTJIST ZMIVX', 'HKFHRG75Y14C209A'),
	(85, '2022-01-30 17:58:10.585000', 'JUHETZUYW', 'XSJCSDHO IVNIOA', 'HKFHRG75Y14C209A'),
	(86, '2022-02-20 17:58:10.601000', 'RWZYIP', 'GQLLUB EMUYM', 'HKFHRG75Y14C209A'),
	(87, '2022-01-26 17:58:10.620000', 'VHFNJE', 'ZSCRJEU WFZUI', 'HKFHRG75Y14C209A'),
	(88, '2022-02-12 17:58:10.638000', 'RRUTJIQYO', 'FWJPKGX GOTYZ', 'HKFHRG75Y14C209A'),
	(90, '2022-02-14 17:58:10.669000', 'MYPLBGPEN', 'HDAWFIP EUKHMHTM', 'FCQNTT79W71Y805W'),
	(91, '2022-02-06 17:58:10.687000', 'PWBGDMKAD', 'BABBELZAH MBZJOWRW', 'FCQNTT79W71Y805W'),
	(92, '2022-02-20 17:58:10.704000', 'YPODZBRC', 'LAUEW EEIQWJYIR', 'FCQNTT79W71Y805W'),
	(95, '2022-02-04 17:58:10.752000', 'HDRXF', 'PQFWDMTNX YSHTPZ', 'NXCJGB59S74L521A'),
	(97, '2022-01-24 17:58:10.881000', 'WRYOMMCWP', 'NHPKWWTG RKNEU', 'WZTFXI03E76N263P'),
	(98, '2022-01-20 17:58:10.943000', 'WOPZMJY', 'GLKID MVQKYPIG', 'WZTFXI03E76N263P'),
	(99, '2022-02-25 17:58:10.978000', 'IUHXCVRTG', 'IASJK JZYLFPPOY', 'WZTFXI03E76N263P'),
	(101, '2022-02-18 17:58:11.060000', 'WCHIFPJCJ', 'COUSZIBR JLSIDN', 'GKXQEO12G85E414C'),
	(102, '2022-02-02 17:58:11.085000', 'RVALVCCWH', 'VDOEZL BPWCA', 'GKXQEO12G85E414C'),
	(103, '2022-01-28 17:58:11.103000', 'SIMAHLFK', 'ZKDNZP WIMNYU', 'GKXQEO12G85E414C'),
	(104, '2022-02-01 17:58:11.118000', 'GJYNKDVK', 'USDTEN PFEVHKP', 'GKXQEO12G85E414C'),
	(106, '2022-02-06 17:58:11.154000', 'CRCXRG', 'GIACA OLGPXH', 'OKOWMG99W27B336Y'),
	(108, '2022-02-21 17:58:11.187000', 'MVAFVEU', 'UMWOMRJZ XQKKDZPFR', 'IKKIGU30K80W872U'),
	(109, '2022-01-24 17:58:11.204000', 'VLXEPX', 'GZGAG PUODD', 'IKKIGU30K80W872U'),
	(110, '2022-02-04 17:58:11.223000', 'SVQOAWBNP', 'YLODHQPO ZXYMB', 'IKKIGU30K80W872U'),
	(112, '2022-02-19 17:58:11.263000', 'LYRJAMGO', 'HCBCYFM YHDOHSZT', 'GJQJVO90E95W685Q'),
	(114, '2022-01-30 17:58:11.300000', 'QSYBRDCUQ', 'RQKGGPGHE XDIRYVSD', 'GSUKKX83D99T933N'),
	(115, '2022-01-22 17:58:11.318000', 'JEKUKGNRW', 'PWQAVR PEZGMCEY', 'GSUKKX83D99T933N'),
	(116, '2022-02-23 17:58:11.336000', 'GWBZRC', 'XPFJZ RSLCABLOY', 'GSUKKX83D99T933N'),
	(118, '2022-01-25 17:58:11.372000', 'NJPYJ', 'DZQBSUYSW BXPYVMSN', 'SNXTNF57Y98S239V'),
	(119, '2022-02-27 17:58:11.390000', 'PARVEMPOQ', 'YKAQB QWOBML', 'SNXTNF57Y98S239V'),
	(120, '2022-02-08 17:58:11.407000', 'FKMNJEWQ', 'YDOWY MFGSUKJ', 'SNXTNF57Y98S239V'),
	(121, '2022-02-10 17:58:11.427000', 'OAEDQTJXJ', 'CUJYPDMLN KZOCAVQ', 'SNXTNF57Y98S239V'),
	(122, '2022-01-30 17:58:11.461000', 'YJEFK', 'HWCOEMFWP YSTQGCVS', 'SNXTNF57Y98S239V'),
	(125, '2022-01-23 17:58:11.526000', 'RNAMUACB', 'SWNAIZX LHYUHC', 'CJRWOS59E43S947J'),
	(126, '2022-01-22 17:58:11.543000', 'SGHPZ', 'EBALBFBM YHBLNMP', 'CJRWOS59E43S947J'),
	(127, '2022-01-28 17:58:11.560000', 'ZVRTCM', 'WHEIRUZS HIQMYH', 'CJRWOS59E43S947J'),
	(130, '2022-01-21 17:58:11.611000', 'QURGFR', 'QGMLCX DIWNTM', 'OXPBKL22D39C789P'),
	(131, '2022-01-28 17:58:11.626000', 'YNQHEUYS', 'WSFRFU VHIGMMEQ', 'OXPBKL22D39C789P'),
	(132, '2022-02-10 17:58:11.643000', 'FZSXFZGW', 'AIHXBI UWYNJJHE', 'OXPBKL22D39C789P'),
	(133, '2022-02-03 17:58:11.661000', 'GSEPJAE', 'HNGUITT VIKPMWT', 'OXPBKL22D39C789P'),
	(134, '2022-02-06 17:58:11.680000', 'YUZZUDVR', 'KPCLJWOOL RNMNCL', 'OXPBKL22D39C789P'),
	(137, '2022-02-18 17:58:11.728000', 'OHHEBT', 'QUEEXDAK DVSYE', 'HAQZYO62I08V198R'),
	(138, '2022-01-24 17:58:11.744000', 'MAJFMQAWV', 'RDHKE MKGWTXBXE', 'HAQZYO62I08V198R'),
	(139, '2022-02-23 17:58:11.760000', 'BYQQVVAJ', 'RLZEXQTWW JLZSPBF', 'HAQZYO62I08V198R'),
	(140, '2022-02-24 17:58:11.778000', 'TEZJWOY', 'UUQSLB LGXMROIV', 'HAQZYO62I08V198R'),
	(142, '2022-02-12 17:58:11.822000', 'UVCWRTL', 'CJXOGUMUI RHDRD', 'TEBSGN67P86N048I'),
	(143, '2022-01-25 17:58:11.838000', 'FEAYEJBGZ', 'SHKACCDTZ EADGZMZO', 'TEBSGN67P86N048I'),
	(145, '2022-01-29 17:58:11.892000', 'IAQLISI', 'QYUGM OKXEW', 'SFUDKA52Z20F536J'),
	(148, '2022-02-07 17:58:11.967000', 'UMKHJ', 'AXSHY KQSHXJOO', 'UXKOTD97E55L578D'),
	(149, '2022-02-21 17:58:11.986000', 'MIYKZLXGF', 'DGXKZL JFMIR', 'UXKOTD97E55L578D'),
	(151, '2022-02-16 17:58:12.033000', 'AFCKBW', 'VHWAVJCT ZAVUZV', 'ABRBAK53R70D887T'),
	(152, '2022-01-28 17:58:12.054000', 'ERHACFFK', 'KUDGJC ZKDBNE', 'ABRBAK53R70D887T'),
	(153, '2022-02-06 17:58:12.070000', 'OSVKWPET', 'LHZYWKV FLGHQ', 'ABRBAK53R70D887T'),
	(154, '2022-01-23 17:58:12.090000', 'ZANJX', 'FKEWCEDIJ WDFGGLPG', 'ABRBAK53R70D887T'),
	(156, '2022-01-30 17:58:12.128000', 'DCEILZQT', 'FVSFUDSD SKUKMHYRK', 'FXPEJP85M05Z429Y'),
	(158, '2022-02-24 17:58:12.164000', 'OVBCBHQ', 'ZNTWUL QPSUURN', 'MPZROG24I74N151S'),
	(159, '2022-01-22 17:58:12.186000', 'RKMICEY', 'GZNDWN DERPI', 'MPZROG24I74N151S'),
	(161, '2022-02-25 17:58:12.233000', 'FJNRCNT', 'ZOWMV AOSELNI', 'UFDBMC22M12X575H'),
	(162, '2022-02-27 17:58:12.252000', 'RPNKL', 'OBOSQ UGQYPXHIK', 'UFDBMC22M12X575H'),
	(164, '2022-02-07 17:58:12.295000', 'DEWBHETG', 'QADYX DKCRF', 'RMDJZM34Z55D892O'),
	(165, '2022-02-13 17:58:12.313000', 'JEZGR', 'TJOJB ZEDQWQSE', 'RMDJZM34Z55D892O'),
	(166, '2022-02-23 17:58:12.333000', 'AZEMIANTQ', 'JWSZAMHIV YZILRLPFV', 'RMDJZM34Z55D892O'),
	(167, '2022-01-28 17:58:12.357000', 'LWSSXSQ', 'GPNQKXZ DRTAJ', 'RMDJZM34Z55D892O'),
	(168, '2022-02-16 17:58:12.383000', 'WELJUCUKB', 'BWDZGF YAMMTXC', 'RMDJZM34Z55D892O'),
	(170, '2022-02-23 17:58:12.424000', 'MVAPNXU', 'WIEES DRVSMH', 'TELAHN26K91G621F'),
	(171, '2022-01-25 17:58:12.457000', 'ECKHLWFWE', 'XAJQZI XEGKO', 'TELAHN26K91G621F'),
	(172, '2022-02-04 17:58:12.525000', 'QBKXIO', 'GIYUJOJJN TRHEET', 'TELAHN26K91G621F'),
	(173, '2022-01-25 17:58:12.562000', 'HJUCT', 'OYJNJWZOB NWFNUV', 'TELAHN26K91G621F'),
	(174, '2022-02-21 17:58:12.581000', 'NUNGVWC', 'VUECTQDRQ WPMQH', 'TELAHN26K91G621F'),
	(176, '2022-02-03 17:58:12.621000', 'IZKSLH', 'BOHUWPZR TZOBJBMG', 'CPQHVR51M18L075S'),
	(177, '2022-01-23 17:58:12.642000', 'TYDDJW', 'UNXBC MYRACCKNL', 'CPQHVR51M18L075S'),
	(178, '2022-02-28 17:58:12.661000', 'BSWFXNAJ', 'RHQBYUD JXRJD', 'CPQHVR51M18L075S'),
	(179, '2022-02-04 17:58:12.683000', 'KYYSGX', 'BRXWYRI EJXDC', 'CPQHVR51M18L075S'),
	(181, '2022-02-10 17:58:12.725000', 'TNRRPCHL', 'QXETGXQXE IDPYHDVQ', 'WOKVOS23M86W827Z'),
	(183, '2022-01-31 17:58:12.767000', 'PFDAVZFNA', 'WMANBED OUGYCYSM', 'SVVZGT69A78N465Q'),
	(184, '2022-02-16 17:58:12.791000', 'MANHOZR', 'YNJMQC DGFDTY', 'SVVZGT69A78N465Q'),
	(185, '2022-02-10 17:58:12.810000', 'AMIUQ', 'ETBJCE IQADAAM', 'SVVZGT69A78N465Q'),
	(187, '2022-02-05 17:58:12.853000', 'OXQNMVWN', 'UDWVAUKH IIUBT', 'UMIHVS98B02M803N'),
	(188, '2022-01-24 17:58:12.874000', 'STZSD', 'GLMFIY PNTNDJK', 'UMIHVS98B02M803N'),
	(190, '2022-01-31 17:58:12.923000', 'VGAGBWD', 'TLTIG EXIULDID', 'HMLXEZ35F14T532L'),
	(191, '2022-02-04 17:58:12.942000', 'QRPZS', 'PIDNZDJ CUHKL', 'HMLXEZ35F14T532L'),
	(192, '2022-01-31 17:58:12.958000', 'QDPVDI', 'DUUMGBZI TSGNJ', 'HMLXEZ35F14T532L'),
	(193, '2022-02-03 17:58:12.978000', 'IJVUBPGKD', 'NPIFGVRXE DOALC', 'HMLXEZ35F14T532L'),
	(195, '2022-02-15 17:58:13.174000', 'GEGJRES', 'VTYBEEVW QCGIU', 'YEDDFT28T74M903N'),
	(197, '2022-02-04 17:58:13.337000', 'FXZTRB', 'USGQGYCK QIECD', 'YGUSCZ78A62D145W'),
	(198, '2022-02-19 17:58:13.379000', 'DPLFHUZ', 'QAQKMWYQ BXEKZOI', 'YGUSCZ78A62D145W'),
	(199, '2022-01-20 17:58:13.422000', 'XXRQS', 'UNTXMKS HXRVUNVS', 'YGUSCZ78A62D145W'),
	(200, '2022-02-15 17:58:13.482000', 'AHSCJHY', 'QXUBFCUA DFKLBI', 'YGUSCZ78A62D145W'),
	(203, '2022-02-27 17:58:13.572000', 'TMRKYVSGO', 'NCONJPP TXMAI', 'GSODKF52Q79J146F'),
	(204, '2022-02-19 17:58:13.589000', 'DXSDHCRAM', 'MXTXXQLPA XVQIYM', 'GSODKF52Q79J146F'),
	(205, '2022-01-20 17:58:13.609000', 'IRMEGXCFO', 'GJAWTAI IKXTAHBH', 'GSODKF52Q79J146F'),
	(206, '2022-02-08 17:58:13.627000', 'JBDYXZU', 'IBCYPWEE FITJRBBWH', 'GSODKF52Q79J146F'),
	(207, '2022-02-07 17:58:13.647000', 'BTMHOT', 'JDVDPI BURLASL', 'GSODKF52Q79J146F'),
	(209, '2022-01-27 17:58:13.689000', 'SVWFX', 'SIEKFG WIGXTUHKN', 'IIYNRE75S69L971E'),
	(210, '2022-02-23 17:58:13.715000', 'OZITAAZP', 'FAKGTA WIUSSP', 'IIYNRE75S69L971E'),
	(211, '2022-02-23 17:58:13.733000', 'ZABDO', 'MVJGOOMYL MRVZSCQ', 'IIYNRE75S69L971E'),
	(213, '2022-02-15 17:58:13.769000', 'TZBCMUH', 'KONPM XXBMASE', 'DIHDFM02V44Z910H'),
	(214, '2022-02-24 17:58:13.791000', 'KFCVKPTSM', 'XVTTA LVPURCM', 'DIHDFM02V44Z910H'),
	(215, '2022-02-03 17:58:13.809000', 'IWXEQWTE', 'GTELFEU QTYGVHE', 'DIHDFM02V44Z910H'),
	(217, '2022-02-04 17:58:13.848000', 'HOGXC', 'PELPSL VMPQF', 'TQOMBT73D10O537I'),
	(220, '2022-02-24 17:58:13.905000', 'AQQXGDH', 'GTFOHH NICQAWXMX', 'ACNCZY45X38I793C'),
	(223, '2022-01-28 17:58:13.968000', 'BMDHDBKUX', 'FVUUOBXZK JDBPUL', 'DRWNBO41U54W681O'),
	(224, '2022-02-16 17:58:13.993000', 'IQTVOJJ', 'SLLLXBYLK JRMDKEY', 'DRWNBO41U54W681O'),
	(226, '2022-02-17 17:58:14.037000', 'CWCDIB', 'LWQUJKN CXVIM', 'MCZZEI10X58A139Z'),
	(227, '2022-02-22 17:58:14.060000', 'KKLJMGHYW', 'IXDBX XVHHUXWQ', 'MCZZEI10X58A139Z'),
	(228, '2022-02-23 17:58:14.084000', 'SJMZDN', 'OQAXA DBQXOBF', 'MCZZEI10X58A139Z'),
	(229, '2022-02-12 17:58:14.105000', 'UEYZLLM', 'YBTDM SKIWK', 'MCZZEI10X58A139Z'),
	(231, '2022-01-25 17:58:14.153000', 'VEOQCVLZE', 'BQMSO CWIYZNX', 'VMFXQK81J71F406D'),
	(232, '2022-02-06 17:58:14.172000', 'OFTKZXUAN', 'ECXGX EDNKAWI', 'VMFXQK81J71F406D'),
	(233, '2022-02-19 17:58:14.192000', 'JHQAALD', 'FEBKGXZEV BTSWW', 'VMFXQK81J71F406D'),
	(235, '2022-02-16 17:58:14.235000', 'ASWWMX', 'LQQES MNQPPQVV', 'TNMMNU69Q38K304K'),
	(236, '2022-02-16 17:58:14.257000', 'RWMMSWYH', 'TMCZLXXT VPDAT', 'TNMMNU69Q38K304K'),
	(237, '2022-02-26 17:58:14.285000', 'PEZDOFTP', 'DQXWY BRGAA', 'TNMMNU69Q38K304K'),
	(238, '2022-02-03 17:58:14.304000', 'LSQSLHZO', 'SVQGB BJXWGUXKA', 'TNMMNU69Q38K304K'),
	(239, '2022-01-24 17:58:14.327000', 'NKLXKNX', 'WNFUSO NIPZYYD', 'TNMMNU69Q38K304K'),
	(241, '2022-02-19 17:58:14.374000', 'XWVUMOWOP', 'TPMCAYPZ EATXWCIB', 'XGFLGV04I07H097Z'),
	(242, '2022-02-06 17:58:14.392000', 'CWBTCIRS', 'XVDYDQRFS NUPYLTPS', 'XGFLGV04I07H097Z'),
	(243, '2022-02-22 17:58:14.415000', 'XZIPSGEX', 'RHVWCWX HJGATLXPM', 'XGFLGV04I07H097Z'),
	(244, '2022-01-30 17:58:14.435000', 'SFXLBRNR', 'CRRIZ ZVHEHP', 'XGFLGV04I07H097Z'),
	(247, '2022-02-09 17:58:14.502000', 'HAJXTRY', 'LPNNSALBO NOYVRV', 'TYWZIS87Z46E155B'),
	(248, '2022-01-23 17:58:14.545000', 'OKYUDPB', 'CDGGH OKSEOPZ', 'TYWZIS87Z46E155B'),
	(249, '2022-01-27 17:58:14.594000', 'HTGTW', 'BRTDEYXE RFVZDBW', 'TYWZIS87Z46E155B'),
	(250, '2022-02-03 17:58:14.616000', 'VMXDJS', 'YWLDGYRX WRBCZVI', 'TYWZIS87Z46E155B'),
	(253, '2022-02-02 17:58:14.685000', 'BTSWNI', 'VDSKHQE NOGARMTZ', 'JCJXIW27C64O157P'),
	(254, '2022-03-01 17:58:14.708000', 'CQYYUJGL', 'IJKUKPHP GGKWBG', 'JCJXIW27C64O157P'),
	(256, '2022-02-28 17:58:14.748000', 'DVVGYLDAA', 'KVGDUESSL WSCTMGBEG', 'URIZLT80N33R070Y'),
	(257, '2022-02-06 17:58:14.770000', 'JRJZTQZ', 'ZLQPWZJXO MKMHMGGNM', 'URIZLT80N33R070Y'),
	(258, '2022-02-16 17:58:14.790000', 'WYZHNJRG', 'QMHQPEDRP LWILUIOLA', 'URIZLT80N33R070Y'),
	(260, '2022-02-13 17:58:14.824000', 'FHOYCAX', 'WYOPXW TBBABI', 'MPFOGV51O71N203Y'),
	(262, '2022-02-24 17:58:14.865000', 'DTKCZP', 'JJBWKYUXW OEZZOIGMQ', 'CPZGOX92W55R634A'),
	(263, '2022-02-13 17:58:14.888000', 'OTNSQNGC', 'LWFTNIMPI BHUQR', 'CPZGOX92W55R634A'),
	(265, '2022-03-01 17:58:14.928000', 'WFDNAG', 'AMAIEO BBCJIU', 'MWCZZR57R80B899O'),
	(266, '2022-02-02 17:58:14.947000', 'BIBTZQF', 'OATHFUKO YQGMEUG', 'MWCZZR57R80B899O'),
	(268, '2022-02-24 17:58:14.988000', 'YAWAWRUZ', 'GQBGZEIJE ZVPSWWBP', 'PIBGIC97O60F916U'),
	(269, '2022-02-02 17:58:15.011000', 'QHNMSLGFO', 'WWMSXH JNGNQ', 'PIBGIC97O60F916U'),
	(271, '2022-01-27 17:58:15.049000', 'BOVWTLGD', 'JNIGZ DQWSZRZ', 'ZINMEA60S84U503K'),
	(272, '2022-01-30 17:58:15.069000', 'PPMZZ', 'XPFCYBAXR CJXGOAP', 'ZINMEA60S84U503K'),
	(273, '2022-01-27 17:58:15.086000', 'JFDSDRUHH', 'EDYWBAFGU CJHSDO', 'ZINMEA60S84U503K'),
	(274, '2022-01-21 17:58:15.103000', 'BXPGKGJUB', 'VDDLKP HWINLOEIK', 'ZINMEA60S84U503K'),
	(276, '2022-02-10 17:58:15.147000', 'RVQDPE', 'WHPTFQL GBZRRVA', 'TMWIBA75N14Y647K'),
	(278, '2022-02-18 17:58:15.190000', 'DXKJM', 'JHBWQZ MMEFTFY', 'TWYKJM89I20W098X'),
	(280, '2022-01-28 17:58:15.231000', 'OTXBIATRM', 'CWXJM GSXYWYXLY', 'WETDCF27X03E199L'),
	(281, '2022-01-26 17:58:15.253000', 'WRHSNHTH', 'LIEVSLVR AMKVYVNVD', 'WETDCF27X03E199L'),
	(282, '2022-01-26 17:58:15.272000', 'YDUCZSM', 'AMHBFTGR UUYTONQ', 'WETDCF27X03E199L'),
	(284, '2022-02-16 17:58:15.320000', 'NWXKI', 'EVQEDRYY BUVRU', 'OUJWKH69L34J200B'),
	(285, '2022-02-02 17:58:15.353000', 'FUYFEMPC', 'PFKZEC DTRVWS', 'OUJWKH69L34J200B'),
	(286, '2022-02-26 17:58:15.373000', 'UUKNAIQS', 'NUQPXKQEU CGQVGZES', 'OUJWKH69L34J200B'),
	(287, '2022-02-23 17:58:15.391000', 'EBYVLA', 'GPCYVCDYX JHPNOIFO', 'OUJWKH69L34J200B'),
	(289, '2022-01-31 17:58:15.456000', 'TRJWQQE', 'PZVDR AUKTRY', 'QISWRD17C05D102O'),
	(291, '2022-02-16 17:58:15.523000', 'NAPMIEHP', 'MQEED EWMVD', 'PJANPY63Y82W321N'),
	(293, '2022-03-01 17:58:15.651000', 'ZDLTZUQM', 'THCAZLO XSPKRWOQA', 'YQELJK33K33N984S'),
	(294, '2022-02-19 17:58:15.730000', 'NRVUKYQ', 'TTLILPO BVXJOOVD', 'YQELJK33K33N984S'),
	(296, '2022-02-24 17:58:15.932000', 'YQWFQX', 'TBWFGA EVCVJVK', 'FRAKOC90T28K005U'),
	(297, '2022-02-24 17:58:15.998000', 'WULDLM', 'VZNTEMM CAJHL', 'FRAKOC90T28K005U'),
	(298, '2022-02-06 17:58:16.034000', 'GEERXOIG', 'ROHWLI LEBCT', 'FRAKOC90T28K005U'),
	(300, '2022-01-22 17:58:16.161000', 'XOKDZK', 'PHJHNYH UYJAKLMUM', 'FBEZOF66R67M619Y'),
	(301, '2022-01-26 17:58:16.184000', 'URNQNDFGL', 'HEHMBKG WULMYK', 'FBEZOF66R67M619Y'),
	(303, '2022-02-20 17:58:16.225000', 'IVLZVVK', 'OXJVUBTAZ UYDMA', 'OMFLLZ32U12K296N'),
	(304, '2022-01-31 17:58:16.251000', 'KTHWSFO', 'QBWLWDI UMQFLODU', 'OMFLLZ32U12K296N'),
	(305, '2022-02-27 17:58:16.269000', 'LETEYRN', 'FTYBA LGOCYAXAN', 'OMFLLZ32U12K296N'),
	(307, '2022-01-25 17:58:16.316000', 'KIYTLWLQ', 'SZANVBXAT YUGTTFPM', 'YRGRID44G71K419N'),
	(309, '2022-02-14 17:58:16.357000', 'TKYNQL', 'RKVMMUM ZMYKI', 'CRTELM03I78U973V'),
	(311, '2022-01-31 17:58:16.407000', 'FFIZXBYVA', 'MOUIY WCGFU', 'PVXDUP73N32L516P'),
	(312, '2022-02-17 17:58:16.428000', 'RKLWWWXPF', 'YPUUBVCPS QNNIFA', 'PVXDUP73N32L516P'),
	(313, '2022-02-02 17:58:16.448000', 'YRTPMYS', 'FTTZGK RRWZKPCJU', 'PVXDUP73N32L516P'),
	(314, '2022-02-25 17:58:16.467000', 'GZRKZ', 'OSYYDTUU GRZJP', 'PVXDUP73N32L516P'),
	(315, '2022-02-26 17:58:16.488000', 'PYGMWRBZ', 'LYSXFIHAI PMJLVMLSB', 'PVXDUP73N32L516P'),
	(317, '2022-02-21 17:58:16.529000', 'ZJVJRJBXW', 'UBGDSH FIJIUM', 'XKMNCD84J32I697Z'),
	(318, '2022-02-04 17:58:16.550000', 'NQEVIS', 'YWUDNC COYWZTQX', 'XKMNCD84J32I697Z'),
	(320, '2022-02-15 17:58:16.591000', 'JYLBLWMZ', 'FVMEMEE WEPQBCOZ', 'VVITXU29Q14Z877L'),
	(321, '2022-02-20 17:58:16.612000', 'DQXKWHQCM', 'ROTMGAA HYNRJL', 'VVITXU29Q14Z877L'),
	(322, '2022-02-02 17:58:16.632000', 'SGXTSTN', 'SHNMDLKE DWZYKGVN', 'VVITXU29Q14Z877L'),
	(323, '2022-01-31 17:58:16.656000', 'MUIRVD', 'IXWNBSE UYEIW', 'VVITXU29Q14Z877L'),
	(326, '2022-02-25 17:58:16.717000', 'UGXZCJF', 'TOKGFAW JDQHVJ', 'YYBIVS32W60P363A'),
	(328, '2022-02-10 17:58:16.760000', 'UCDGRAI', 'WDLEGH QEYGM', 'PDVANF94E04O348K'),
	(330, '2022-02-25 17:58:16.800000', 'HXPGZJBMO', 'GXLICRYT BRJOD', 'MQMEDD18A47S046C'),
	(331, '2022-02-02 17:58:16.821000', 'ZXZFUGEJ', 'GFTQZUBH UGJQO', 'MQMEDD18A47S046C'),
	(332, '2022-02-07 17:58:16.840000', 'GQAFLW', 'ZSGXN MPSHP', 'MQMEDD18A47S046C'),
	(334, '2022-03-01 17:58:16.883000', 'ATJTTINCF', 'RUWJSO CQZDCS', 'LCSSLB82K07W738K'),
	(335, '2022-02-08 17:58:16.899000', 'LKKFORLOE', 'UKLGHBYG EXUFRDTMN', 'LCSSLB82K07W738K'),
	(337, '2022-02-27 17:58:16.949000', 'QOYHC', 'WPDGQCWC ZJOPROAYJ', 'OKJDKE97C93H492W'),
	(339, '2022-02-11 17:58:16.989000', 'GDLILCM', 'VKMEGIHP TCKLNY', 'BADTSS96B80Y712H'),
	(340, '2022-01-26 17:58:17.012000', 'EEDSMWJFW', 'JJROZGMBT FZPSRUZW', 'BADTSS96B80Y712H'),
	(342, '2022-02-15 17:58:17.054000', 'OPHUXIC', 'PUVJIGEN SQYMGK', 'BSDIGA33S44F574I'),
	(344, '2022-02-11 17:58:17.094000', 'QVEPPR', 'PMUBSZ ZXEYYXYKW', 'ETLHNP74E52P762H'),
	(345, '2022-01-30 17:58:17.114000', 'EELYTYS', 'FQDKYUGK MLHGCCD', 'ETLHNP74E52P762H'),
	(346, '2022-02-03 17:58:17.135000', 'NJCQQMCP', 'QMCWQTIPA LHSRQTLJS', 'ETLHNP74E52P762H'),
	(347, '2022-02-25 17:58:17.178000', 'AKEGQ', 'NGCEQIP AXPHSQB', 'ETLHNP74E52P762H'),
	(350, '2022-02-15 17:58:17.276000', 'LVQSGUXO', 'RUNFXEANB YPLWQRW', 'WXZFUC62C69U420N'),
	(352, '2022-02-09 17:58:17.321000', 'PUIPWVYUX', 'GIKRIPOW APHZMJ', 'HJAXHW79O66V204S'),
	(353, '2022-02-03 17:58:17.339000', 'CUSPDU', 'QWXUFG ZURMEJKXJ', 'HJAXHW79O66V204S'),
	(354, '2022-01-21 17:58:17.359000', 'HQTAAIEGF', 'LBYVHEDUP ECSYJTLU', 'HJAXHW79O66V204S'),
	(356, '2022-02-12 17:58:17.413000', 'RGWBM', 'VESCZ AHZPJZ', 'CQBRSZ33B55J432D'),
	(357, '2022-01-24 17:58:17.432000', 'ZJEQDX', 'HBBMQWWTD YARXKWCQU', 'CQBRSZ33B55J432D'),
	(358, '2022-01-24 17:58:17.494000', 'SGIXZR', 'ORVSVQLU DNVSP', 'CQBRSZ33B55J432D'),
	(359, '2022-02-01 17:58:17.517000', 'VRJKKXULW', 'BCODM UKKOAJVZP', 'CQBRSZ33B55J432D'),
	(360, '2022-02-14 17:58:17.538000', 'TPDLZLY', 'HPLANGPRA BTCHL', 'CQBRSZ33B55J432D'),
	(362, '2022-02-05 17:58:17.573000', 'ZBOQR', 'XSBVXQDUM VVENUX', 'AOZDOS40J61Z599K'),
	(363, '2022-02-28 17:58:17.594000', 'AFDJPSMO', 'TOIUEEWS WJLUO', 'AOZDOS40J61Z599K'),
	(364, '2022-02-08 17:58:17.612000', 'CRDPLXR', 'IABUBSH DOQBRQ', 'AOZDOS40J61Z599K'),
	(365, '2022-02-19 17:58:17.633000', 'OBDQVY', 'HXKXQ NVDWXPDN', 'AOZDOS40J61Z599K'),
	(367, '2022-02-21 17:58:17.679000', 'QRKMT', 'KNCSBTZ LJQMG', 'EPQUUS24M55U586T'),
	(368, '2022-02-20 17:58:17.711000', 'HNBOSHQ', 'VDAPRWAST WHMNRJ', 'EPQUUS24M55U586T'),
	(369, '2022-02-09 17:58:17.733000', 'IWAGI', 'HPHCWEZSF ASVZLCL', 'EPQUUS24M55U586T'),
	(370, '2022-01-22 17:58:17.751000', 'JEHUJM', 'NURPPCU TIOTI', 'EPQUUS24M55U586T'),
	(372, '2022-02-13 17:58:17.790000', 'WEGZW', 'ZZNGOY GHGUJC', 'ONAPQT01E54N539S'),
	(374, '2022-02-07 17:58:17.838000', 'UYJOEEZ', 'BWCUL BNYARDH', 'NXPDHF06G04T929Z'),
	(375, '2022-02-16 17:58:17.854000', 'VGORO', 'YIHRAVFPS GIEFUN', 'NXPDHF06G04T929Z'),
	(376, '2022-01-26 17:58:17.871000', 'YWDGIY', 'QALCLN FGKUEJR', 'NXPDHF06G04T929Z'),
	(378, '2022-02-09 17:58:17.914000', 'IDTUKDAF', 'ESEZWWSJV TGHPZCX', 'ZJDGXE58R79E725K'),
	(379, '2022-02-19 17:58:17.933000', 'ZRZFGOT', 'JPABAU AOCBJLB', 'ZJDGXE58R79E725K'),
	(381, '2022-02-25 17:58:17.970000', 'NEFEXEKK', 'RINTIEFL ANUOLEP', 'HYTYOC55C92X967F'),
	(382, '2022-02-26 17:58:17.986000', 'UNRKYL', 'YUTJB KUZIWDKP', 'HYTYOC55C92X967F'),
	(383, '2022-02-05 17:58:18.005000', 'RJXZHDOS', 'HZUFHZDNT REBYCLGNQ', 'HYTYOC55C92X967F'),
	(384, '2022-01-24 17:58:18.027000', 'SRHJVM', 'MLURFJZP HOBYQQ', 'HYTYOC55C92X967F'),
	(386, '2022-01-29 17:58:18.067000', 'SYIDYUWO', 'UJSNCH NJCVN', 'IBJGHX86V61M241E'),
	(387, '2022-01-30 17:58:18.087000', 'SESBPL', 'UCBAYE RXNQXIJC', 'IBJGHX86V61M241E'),
	(388, '2022-01-31 17:58:18.110000', 'ATANLX', 'UXYLIZRP XFLRRP', 'IBJGHX86V61M241E'),
	(389, '2022-03-01 17:58:18.131000', 'WNNQWG', 'MUWFYK OOCBSTO', 'IBJGHX86V61M241E'),
	(391, '2022-01-27 17:58:18.223000', 'ZVAFBT', 'RTTBMHN PGLBWECU', 'SFRIHY31R29A967R'),
	(392, '2022-02-04 17:58:18.287000', 'ATPQAWNQB', 'TKGZHHY RRLPZ', 'SFRIHY31R29A967R'),
	(393, '2022-01-26 17:58:18.355000', 'MLSQNRRA', 'EWRZGJ VJELBGV', 'SFRIHY31R29A967R'),
	(395, '2022-01-24 17:58:18.494000', 'VVRRIVOU', 'CRPDEIHXC YMUECGXP', 'YMVPPS88P64Z371B'),
	(396, '2022-02-11 17:58:18.584000', 'SPGPFCA', 'FCXOJEDOS QNBTJUGL', 'YMVPPS88P64Z371B'),
	(398, '2022-02-07 17:58:18.736000', 'UDSJAIS', 'TLYLD RBPWNEHM', 'SXZLPF13V53G737U'),
	(399, '2022-02-10 17:58:18.811000', 'MQFRBUX', 'QEXGKIAC YHVQRM', 'SXZLPF13V53G737U'),
	(401, '2022-02-21 17:58:18.929000', 'LNDSW', 'WJKEBDZ FMSFBHPW', 'VNJIGP43W10L504I'),
	(402, '2022-02-20 17:58:18.971000', 'VYGDE', 'HJTMROBHX KILEQEZ', 'VNJIGP43W10L504I'),
	(403, '2022-02-19 17:58:18.998000', 'PHDOFD', 'CSLEJNNS XUSDEL', 'VNJIGP43W10L504I'),
	(404, '2022-02-24 17:58:19.019000', 'BUNJLJWS', 'DIRDD OYUIENHEZ', 'VNJIGP43W10L504I'),
	(405, '2022-02-17 17:58:19.042000', 'YXOFPO', 'NKMKK KIFIMXSRQ', 'VNJIGP43W10L504I'),
	(407, '2022-01-30 17:58:19.090000', 'FJXPWH', 'QQTIAGPZ ZZHMLCKT', 'GDKWJG83L47B021Y'),
	(408, '2022-02-17 17:58:19.114000', 'QKRIYF', 'WLTYZTI JCZFLM', 'GDKWJG83L47B021Y'),
	(409, '2022-02-22 17:58:19.135000', 'YITYE', 'KNLNPCWDD CRXAPTKL', 'GDKWJG83L47B021Y'),
	(411, '2022-02-18 17:58:19.192000', 'KDNNY', 'PSJEGWXMU APMBIYQPQ', 'LHFVQH78Z66H669M'),
	(413, '2022-02-08 17:58:19.236000', 'WIHKU', 'FHKYLRNVB IGXVFPT', 'MAULEE40Q51U339O'),
	(415, '2022-02-22 17:58:19.270000', 'OYKORSW', 'PFTNG TPNKIFZR', 'IVBCIL23S54K284Q'),
	(416, '2022-01-31 17:58:19.289000', 'RCEYU', 'GBMXBKPRE RUCNCFGQB', 'IVBCIL23S54K284Q'),
	(417, '2022-02-16 17:58:19.312000', 'OHZVNO', 'PVDLWBVS HAHRZ', 'IVBCIL23S54K284Q'),
	(419, '2022-02-22 17:58:19.350000', 'GODWXE', 'DLPZPQNVJ NZBGF', 'MZKPLY91G82X226G'),
	(421, '2022-02-16 17:58:19.393000', 'HULYGY', 'GOGZAG DQLMO', 'IBKYQY32J05R774N'),
	(422, '2022-02-04 17:58:19.415000', 'OPRWSMPF', 'YXPZXIRJ OUTSCOZWP', 'IBKYQY32J05R774N'),
	(423, '2022-02-18 17:58:19.435000', 'FXBEVFJ', 'PICKKRZDF TLTNMVVSL', 'IBKYQY32J05R774N'),
	(424, '2022-02-20 17:58:19.453000', 'ZTDEC', 'AUJWSA OQEWUDL', 'IBKYQY32J05R774N'),
	(426, '2022-02-17 17:58:19.495000', 'JPKVEAMZ', 'HGJEI MZQYMPYTT', 'LEQXMH35X84R190L'),
	(427, '2022-02-10 17:58:19.520000', 'IIWBKFTJ', 'HLBZP MBFTJSM', 'LEQXMH35X84R190L'),
	(428, '2022-02-18 17:58:19.539000', 'QHPWBS', 'GIKPPORXF IHGPCGCN', 'LEQXMH35X84R190L'),
	(430, '2022-02-25 17:58:19.581000', 'ZZOCMJIAC', 'YRHDDFPBS HFHMVZRY', 'VQUXZY80D23L085F'),
	(431, '2022-02-28 17:58:19.598000', 'KVAES', 'ITLICZBVT YYTRVDVY', 'VQUXZY80D23L085F'),
	(432, '2022-02-04 17:58:19.617000', 'SYUYLPV', 'JYJQJJKQM RYXJQ', 'VQUXZY80D23L085F'),
	(434, '2022-01-25 17:58:19.658000', 'KOGHL', 'GCXGFRV XPFHKCGKD', 'UAWLPA37B77W581L'),
	(436, '2022-02-14 17:58:19.700000', 'GXLYVIHD', 'XEMAPL DAEHVXF', 'NOCIJU71Z27G599J'),
	(437, '2022-02-12 17:58:19.719000', 'CKCODZH', 'XEPERKGTZ HQNUKUEAL', 'NOCIJU71Z27G599J'),
	(438, '2022-02-09 17:58:19.741000', 'PKFRBEI', 'RTXUWBTVW ABMPRX', 'NOCIJU71Z27G599J'),
	(440, '2022-02-23 17:58:19.782000', 'ZIMVMHZ', 'BEWZY XPQAKJIU', 'ODFBOM50I89S383O'),
	(442, '2022-01-30 17:58:19.824000', 'LSCTBXVYX', 'TFUXLIYD DLRMPFMRF', 'QQRFLF61I22G815E'),
	(443, '2022-02-16 17:58:19.845000', 'DNVNDO', 'PARJRUETS AWDRRGNTA', 'QQRFLF61I22G815E'),
	(445, '2022-02-10 17:58:19.885000', 'HZSEYCNQ', 'GJAPNWZPX MNYMKJ', 'TVNHZB09V39M656U'),
	(446, '2022-02-20 17:58:19.904000', 'ZKDVPT', 'ZIAXEVPIC REMHTM', 'TVNHZB09V39M656U'),
	(447, '2022-03-01 17:58:19.926000', 'PGHKIFT', 'RRKCXMB KWWMMCJ', 'TVNHZB09V39M656U'),
	(448, '2022-02-21 17:58:19.947000', 'ZGFFPEEK', 'HNOLSAB FWVTM', 'TVNHZB09V39M656U'),
	(450, '2022-02-02 17:58:19.987000', 'KCHIDH', 'JNOOLC TIUJVA', 'ANRYMC87A14O149N'),
	(451, '2022-02-14 17:58:20.006000', 'HDLAB', 'KBLQOKV OJBVENHTI', 'ANRYMC87A14O149N'),
	(453, '2022-01-27 17:58:20.045000', 'QKIGJIJM', 'ORTLV QCTCFMC', 'ZOIHEV75J70E000A'),
	(454, '2022-01-29 17:58:20.064000', 'BEBRVLYX', 'UJAKFZ DEKOUXE', 'ZOIHEV75J70E000A'),
	(455, '2022-02-03 17:58:20.082000', 'KBTFJ', 'GRNBJFX PGOQI', 'ZOIHEV75J70E000A'),
	(456, '2022-02-03 17:58:20.104000', 'MRNCXGUBG', 'IMZOU QLQMGUH', 'ZOIHEV75J70E000A'),
	(459, '2022-01-26 17:58:20.215000', 'DPPMXGFEI', 'BRVRE BFQPB', 'JMUSKI16S32F908B'),
	(461, '2022-02-28 17:58:20.264000', 'IPOWNU', 'SBTYRK TZQUAY', 'AFKIWW94S77T163B'),
	(464, '2022-02-22 17:58:20.335000', 'YOZZJ', 'VDECFFV MUYRXJWU', 'MMRDCZ43P66U748R'),
	(465, '2022-02-04 17:58:20.352000', 'KWAYAO', 'RAOQVG MXHKCYST', 'MMRDCZ43P66U748R'),
	(467, '2022-02-19 17:58:20.419000', 'GTYAJY', 'DKZZBJ VMOMCHGRG', 'SNLGHM96N81Z900P'),
	(468, '2022-02-19 17:58:20.460000', 'ZGHUZ', 'WZTIORK FHOSTGO', 'SNLGHM96N81Z900P'),
	(469, '2022-02-17 17:58:20.482000', 'ENMSVO', 'VPABULT SYOBX', 'SNLGHM96N81Z900P'),
	(470, '2022-02-16 17:58:20.505000', 'RRMPQVKGG', 'NEJFKI ILMSQEMQ', 'SNLGHM96N81Z900P'),
	(472, '2022-01-23 17:58:20.552000', 'ZQZXN', 'SVFPTQHLU XNOSCAP', 'QKEUZV45B87S193P'),
	(473, '2022-02-15 17:58:20.580000', 'RYLZDTXA', 'TOKZEFBIS MHQKF', 'QKEUZV45B87S193P'),
	(475, '2022-02-22 17:58:20.617000', 'HTYSQMDFS', 'PLNIBKD BHFORWAEJ', 'HNSWWR08U32I393Y'),
	(477, '2022-02-15 17:58:20.657000', 'GYLIV', 'GECCCO JXNFRILM', 'ZWWKHN19G87U931O'),
	(478, '2022-02-23 17:58:20.675000', 'TLQTXFB', 'BZTUAZ NJLJG', 'ZWWKHN19G87U931O'),
	(479, '2022-01-29 17:58:20.702000', 'UGLGS', 'DPBYSL HQCACA', 'ZWWKHN19G87U931O'),
	(481, '2022-02-22 17:58:20.744000', 'ZBWRMQAG', 'GCYQWPEPO UAKAYYUAT', 'TYFCMX34C99W419U'),
	(482, '2022-01-28 17:58:20.762000', 'FPQNCUY', 'FPKOMCBGQ IHQYY', 'TYFCMX34C99W419U'),
	(483, '2022-02-26 17:58:20.779000', 'SLKIEWLPY', 'VSCVA KQLAUHWZW', 'TYFCMX34C99W419U'),
	(484, '2022-02-07 17:58:20.799000', 'XKIHUMA', 'DKYRQVU ONLLLJX', 'TYFCMX34C99W419U'),
	(485, '2022-02-08 17:58:20.825000', 'ZQEXIZTQ', 'PURYID QCGNXVMU', 'TYFCMX34C99W419U'),
	(487, '2022-02-08 17:58:20.868000', 'AAEVPSZUP', 'DNPAJL TKLYNU', 'BXUMQW54E66K020J'),
	(488, '2022-01-28 17:58:20.888000', 'EYHPOM', 'CCTCOZ TPTITLK', 'BXUMQW54E66K020J'),
	(489, '2022-02-11 17:58:20.909000', 'ZUZJB', 'ICKORAFIC RLZPJCQX', 'BXUMQW54E66K020J'),
	(492, '2022-02-22 17:58:20.968000', 'FCMZUDCBH', 'YZLZVF FEVFXVOV', 'VNJBTI04Q19G634V'),
	(493, '2022-01-31 17:58:20.991000', 'JVRHUIQPH', 'KMLKYOMHV YDQPOYTO', 'VNJBTI04Q19G634V'),
	(494, '2022-02-16 17:58:21.013000', 'KCLBAA', 'CQKJYQE MEAUKSHA', 'VNJBTI04Q19G634V'),
	(496, '2022-01-20 17:58:21.049000', 'UEGMS', 'DMUFRMOV JJAHQGYOQ', 'PJJJJY72F22V517E'),
	(497, '2022-01-20 17:58:21.095000', 'KJHFZ', 'BSNDUOYNU REAGBR', 'PJJJJY72F22V517E'),
	(499, '2022-03-01 17:58:21.208000', 'MZXDESBNL', 'FOCAH ESSHNBLKT', 'IWSNKZ87T42T901C'),
	(500, '2022-02-19 17:58:21.273000', 'DZPJJ', 'ACSYLGFIX AUKYNVOFQ', 'IWSNKZ87T42T901C'),
	(501, '2022-01-21 17:58:21.304000', 'AHNJS', 'ANMWUW WCGQXGRL', 'IWSNKZ87T42T901C'),
	(502, '2022-02-17 17:58:21.345000', 'CEQZR', 'ZDFWP ZXIQS', 'IWSNKZ87T42T901C'),
	(504, '2022-02-14 17:58:21.432000', 'RIHOCW', 'WYOHMIKL IQAVJFMR', 'AJQJLS56M07J753M'),
	(505, '2022-02-22 17:58:21.475000', 'MKHZGBGD', 'RQNDI FXKFUYZMA', 'AJQJLS56M07J753M'),
	(507, '2022-01-25 17:58:21.516000', 'UNQEMR', 'JKQGGTOSS VWKMFWL', 'KGGALM00L79V027Y'),
	(508, '2022-02-04 17:58:21.536000', 'IMBBSIZW', 'XJIRXMME KBCJZSI', 'KGGALM00L79V027Y'),
	(509, '2022-02-26 17:58:21.553000', 'BIGJDMPHW', 'IXTQJQ ZQTAHKXCO', 'KGGALM00L79V027Y'),
	(511, '2022-01-24 17:58:21.596000', 'TUSMXWN', 'XQBCJRV HBJVZVAO', 'FJZMGJ64N58U909W'),
	(513, '2022-02-15 17:58:21.643000', 'NPSSM', 'QFXNP YBGLYYUY', 'KLWKXR65E26Y719U'),
	(515, '2022-02-20 17:58:21.684000', 'PKNINJ', 'YBTEZG QBIXZPY', 'OIKPQU44W63N339Q'),
	(516, '2022-01-30 17:58:21.707000', 'PHRGUXH', 'SWJAJFAN VSQUGS', 'OIKPQU44W63N339Q'),
	(517, '2022-02-10 17:58:21.726000', 'HGIUKM', 'XZTEKI WZYEGIQ', 'OIKPQU44W63N339Q'),
	(518, '2022-01-25 17:58:21.746000', 'NYNBJ', 'TZAOW AZJKUFI', 'OIKPQU44W63N339Q'),
	(520, '2022-01-25 17:58:21.785000', 'FCFUX', 'OBWLD URZKMG', 'WIYPHE01J01W518Y'),
	(521, '2022-01-20 17:58:21.802000', 'RGEDGTXUA', 'FLOXLQA JFQOO', 'WIYPHE01J01W518Y'),
	(522, '2022-02-16 17:58:21.820000', 'YYLDJWD', 'TVRVVMT ZJYNJBSR', 'WIYPHE01J01W518Y'),
	(524, '2022-02-03 17:58:21.863000', 'TYBXECC', 'EDMRZOF NKTKO', 'EBQWWQ72N76K419P'),
	(525, '2022-02-05 17:58:21.880000', 'DVZWCNME', 'COCBA DQRRPMK', 'EBQWWQ72N76K419P'),
	(526, '2022-02-16 17:58:21.897000', 'IEBQESZY', 'TZHIIMVA GROXIMBYU', 'EBQWWQ72N76K419P'),
	(528, '2022-01-28 17:58:21.935000', 'RBYWRDO', 'AKEIHGM UYGZUJV', 'MKNJQV76G86G783F'),
	(529, '2022-03-01 17:58:21.956000', 'WKASBND', 'LMXITR XTAJH', 'MKNJQV76G86G783F'),
	(530, '2022-02-10 17:58:21.975000', 'AEMKKIAUV', 'EIMSZFVK QRRTWQTVG', 'MKNJQV76G86G783F'),
	(532, '2022-01-20 17:58:22.019000', 'AYLFIZO', 'CKXAQSYKF KDSXSLK', 'EZQCAB88M99Q488E'),
	(533, '2022-02-02 17:58:22.037000', 'RDOTAQNZS', 'OODZWQKND LTKNLOY', 'EZQCAB88M99Q488E'),
	(535, '2022-02-05 17:58:22.090000', 'XWCSFRU', 'ORFRQ WTWYVPOYH', 'UAIQAH29X91Y254N'),
	(536, '2022-01-26 17:58:22.111000', 'ZNRLT', 'OPDGQ TGLOZLGOR', 'UAIQAH29X91Y254N'),
	(537, '2022-02-14 17:58:22.131000', 'BMTBMT', 'OZQGOIH AXUZVCWW', 'UAIQAH29X91Y254N'),
	(539, '2022-01-25 17:58:22.171000', 'CBDUT', 'PBAGF GUBVIS', 'PEGNWZ95Q16X184L'),
	(541, '2022-01-24 17:58:22.212000', 'SJOXR', 'JTKEVQF GENBKVXF', 'SNZOUN56E28B783E'),
	(542, '2022-02-26 17:58:22.239000', 'QAQEDYSNT', 'LKKOJULZ XZNOUN', 'SNZOUN56E28B783E'),
	(543, '2022-02-08 17:58:22.263000', 'WOCBJZVJV', 'GRBWE TPAPKZ', 'SNZOUN56E28B783E'),
	(545, '2022-02-18 17:58:22.306000', 'MZOHBQBL', 'THRMAD PJOOY', 'JFPYUG81C64M351X'),
	(547, '2022-02-03 17:58:22.348000', 'JGMHJIDO', 'IGRLYSYC YLAQATZI', 'VUVXIA94R68J392R'),
	(549, '2022-02-25 17:58:22.391000', 'HIXVRAYZW', 'MTHTGE CSQEK', 'IGWTIV89I11A167I'),
	(550, '2022-02-20 17:58:22.412000', 'TJWNPLDPV', 'GEKYFEWT SSHEPBVNM', 'IGWTIV89I11A167I'),
	(551, '2022-02-13 17:58:22.431000', 'EQDUB', 'EFFPGJB JJYHYZ', 'IGWTIV89I11A167I'),
	(554, '2022-01-30 17:58:22.569000', 'UADMRMIY', 'YNWKC MILPF', 'HIBETE99S52J688U'),
	(555, '2022-02-22 17:58:22.590000', 'JUKVREAEU', 'ZFUXQXEF OVCWYK', 'HIBETE99S52J688U'),
	(559, '2022-02-01 17:58:22.669000', 'JKAJNS', 'IEPYZA AEBGKU', 'FVKDHX64J34R654Q'),
	(560, '2022-02-28 17:58:22.691000', 'BCNKZUUA', 'JEJTO TWEJGDG', 'FVKDHX64J34R654Q'),
	(561, '2022-01-21 17:58:22.710000', 'LKAWJLGP', 'ANVDBNB EQMYVWYN', 'FVKDHX64J34R654Q'),
	(563, '2022-02-14 17:58:22.751000', 'YYAUV', 'NCSDHJE YAYPQRCL', 'XZGIGS27H67V477P'),
	(564, '2022-02-23 17:58:22.769000', 'MXNAJD', 'BBAMD PCJDXFC', 'XZGIGS27H67V477P'),
	(565, '2022-02-09 17:58:22.791000', 'RTFZPDKH', 'TOKGADO IZENUNE', 'XZGIGS27H67V477P'),
	(567, '2022-02-04 17:58:22.833000', 'WSUAKP', 'UQTHYO TVQPW', 'RXBZXW01O95S065X'),
	(569, '2022-01-28 17:58:22.884000', 'XHBPZGRDG', 'AUGTLEXL IIZBQFV', 'UIQYXQ93S30U602K'),
	(570, '2022-02-08 17:58:22.907000', 'FQCCNTS', 'OHWBMTV TOFGASTVK', 'UIQYXQ93S30U602K'),
	(571, '2022-01-20 17:58:22.924000', 'RXXLSAR', 'HTLPL GHIIHHWP', 'UIQYXQ93S30U602K'),
	(572, '2022-01-25 17:58:22.943000', 'UGKPYXS', 'SSFDRII QHXXOVFSF', 'UIQYXQ93S30U602K'),
	(573, '2022-02-06 17:58:22.960000', 'GSPNLG', 'DILNAX RJNGZA', 'UIQYXQ93S30U602K'),
	(575, '2022-02-08 17:58:23.007000', 'CPDBES', 'TJPWEJKCG FWTZKX', 'PAVLXJ68M88G891R'),
	(576, '2022-01-22 17:58:23.027000', 'IGBDBFZG', 'MYENBXV AZQARUED', 'PAVLXJ68M88G891R'),
	(578, '2022-02-01 17:58:23.055000', 'XZSPP', 'SKUMW JSKDNH', 'LUOPCG95S31N907C'),
	(579, '2022-01-25 17:58:23.081000', 'NWRFZ', 'CNNGEP ICKIGYCGZ', 'LUOPCG95S31N907C'),
	(580, '2022-01-23 17:58:23.108000', 'JUNXNWJ', 'SQHRAFH CLBOXSKK', 'LUOPCG95S31N907C'),
	(582, '2022-02-03 17:58:23.152000', 'YKGUNVC', 'QMKAND FWFAAUASU', 'KACTCK80Z15K017D'),
	(583, '2022-02-02 17:58:23.174000', 'ECWLZ', 'BCXRT LJIJIY', 'KACTCK80Z15K017D'),
	(585, '2022-02-01 17:58:23.219000', 'IZXCR', 'DNKRXEZ FMJGKGKTT', 'PFSZCZ89B67G251S'),
	(586, '2022-02-24 17:58:23.241000', 'YKRQYZUBR', 'LRNQJQUA ICJGA', 'PFSZCZ89B67G251S'),
	(587, '2022-02-07 17:58:23.261000', 'OSEWV', 'RQIABLWC CWNKOQD', 'PFSZCZ89B67G251S'),
	(589, '2022-01-29 17:58:23.311000', 'LAZVHWJNG', 'YNFGGFFM YXNPW', 'FJTPJG35T42X800K'),
	(591, '2022-01-23 17:58:23.357000', 'KGSAYZI', 'PRIKM ELVSFK', 'ORQVWO77Y86Y948D'),
	(592, '2022-01-22 17:58:23.383000', 'CQFEMVR', 'HXNHNRB NTWYSGTT', 'ORQVWO77Y86Y948D'),
	(593, '2022-02-12 17:58:23.414000', 'AHGQLZN', 'QMRFHHJ JVJWESVV', 'ORQVWO77Y86Y948D'),
	(595, '2022-02-23 17:58:23.465000', 'PLDNMLRWE', 'VDLCHTC OLWFLXL', 'OMNXHO82S27R749I'),
	(597, '2022-02-18 17:58:23.693000', 'WJSIC', 'SFHVP WQKIVRYAY', 'AIEVGN44I74X492I'),
	(599, '2022-02-20 17:58:23.829000', 'JLXEH', 'LONWXZ NCIEXVWZJ', 'HKAKIX77G56M068K'),
	(600, '2022-01-27 17:58:23.888000', 'VWVNBFHHU', 'SEXUHTILG RFUBY', 'HKAKIX77G56M068K'),
	(602, '2022-02-26 17:58:24.025000', 'FSAMYH', 'LMQLTKC PJFGFDBV', 'OOOIIX69H53P278A'),
	(603, '2022-02-14 17:58:24.088000', 'UTVEQKALV', 'SEANLT QXCNO', 'OOOIIX69H53P278A'),
	(604, '2022-02-07 17:58:24.122000', 'XPEBHFJ', 'HCXTHKB XHOEAZJM', 'OOOIIX69H53P278A'),
	(605, '2022-02-22 17:58:24.145000', 'IYCDJTM', 'NZFEZY MPPNYAP', 'OOOIIX69H53P278A'),
	(607, '2022-02-27 17:58:24.193000', 'NKKMGLIY', 'WJKFYKASK ZSGMSOP', 'QRIKGC82U99E075V'),
	(608, '2022-02-11 17:58:24.215000', 'QXKEGXF', 'CHPAK SQJVAMAMD', 'QRIKGC82U99E075V'),
	(609, '2022-02-17 17:58:24.233000', 'HKDROQGG', 'LXWGCOCPN XEORYTCUD', 'QRIKGC82U99E075V'),
	(611, '2022-02-18 17:58:24.279000', 'JSUSQWL', 'VUYUJ EATLNIJK', 'WZFRIU67K80Z050D'),
	(612, '2022-02-05 17:58:24.300000', 'UGDRK', 'DWFDUXNLF HVEYDTRE', 'WZFRIU67K80Z050D'),
	(613, '2022-02-09 17:58:24.322000', 'CRCAONJUK', 'OUDUU SZLODRP', 'WZFRIU67K80Z050D'),
	(614, '2022-02-12 17:58:24.341000', 'MBJCM', 'DTMOZZCGQ BWDCYD', 'WZFRIU67K80Z050D'),
	(615, '2022-02-24 17:58:24.359000', 'PTCJMGI', 'XFRIIR OTEJVHMEY', 'WZFRIU67K80Z050D'),
	(617, '2022-01-24 17:58:24.402000', 'ULOVRTXL', 'PUGWNHY IFRCTCTDC', 'LQGBZM63G26Z012A'),
	(618, '2022-02-16 17:58:24.421000', 'PVLXGAZFG', 'BMIOBXFTY IYRDITMV', 'LQGBZM63G26Z012A'),
	(619, '2022-02-26 17:58:24.440000', 'RXNIB', 'KNAKYQTRG POCKBTPU', 'LQGBZM63G26Z012A'),
	(620, '2022-02-03 17:58:24.464000', 'TRBGCCF', 'TZSALAG GVDGPBL', 'LQGBZM63G26Z012A'),
	(622, '2022-01-22 17:58:24.503000', 'GCGELHW', 'OSJYBEZ WDBBKAY', 'TBXZOH82E70F819P'),
	(623, '2022-02-05 17:58:24.523000', 'FNTHIDYIF', 'QXLRAPDD ZAKRCCBE', 'TBXZOH82E70F819P'),
	(624, '2022-02-21 17:58:24.544000', 'JLDOUY', 'WYBZEYM BZIAIUKYU', 'TBXZOH82E70F819P'),
	(626, '2022-02-16 17:58:24.583000', 'CLGTQPMEH', 'OXPLZ WAXSV', 'EYXTDG50U32Q553T'),
	(628, '2022-01-23 17:58:24.625000', 'PKMUO', 'YNUPWANJE ZBINTKEZ', 'VETDUZ73X56K305L'),
	(629, '2022-01-28 17:58:24.641000', 'EVWDIM', 'BLELEXAM NAWGPRR', 'VETDUZ73X56K305L'),
	(630, '2022-02-10 17:58:24.658000', 'HIDOCKEE', 'RSXYOUZ MPRILMXN', 'VETDUZ73X56K305L'),
	(632, '2022-01-25 17:58:24.699000', 'TCLLJRZZ', 'SCXFOD VPPBHQDFO', 'FSYFZQ05T16K383F'),
	(633, '2022-01-28 17:58:24.718000', 'CQPCZC', 'RSMOTOUU SRDKNAGJO', 'FSYFZQ05T16K383F'),
	(634, '2022-02-10 17:58:24.740000', 'VCOVHEI', 'TLDBCT FDJASMF', 'FSYFZQ05T16K383F'),
	(636, '2022-02-06 17:58:24.777000', 'MBXMWX', 'PJXZKIZY UQEAAB', 'BXLDEV64R23F850I'),
	(637, '2022-02-21 17:58:24.796000', 'XQQHVG', 'GOVWTP OZYCFCF', 'BXLDEV64R23F850I'),
	(638, '2022-02-24 17:58:24.817000', 'UMEOTAQRQ', 'NGLDFSAWK HNRFFB', 'BXLDEV64R23F850I'),
	(639, '2022-02-27 17:58:24.837000', 'SCUCKGA', 'TYCRBK PJVXIUDD', 'BXLDEV64R23F850I'),
	(640, '2022-02-04 17:58:24.854000', 'MEHWXIEGV', 'TGGRSEIVY OSILZWS', 'BXLDEV64R23F850I'),
	(642, '2022-02-02 17:58:24.898000', 'KKTEUYQK', 'UGYYRQ CUPNOJE', 'AMTBQC45M52C400Q'),
	(643, '2022-02-12 17:58:24.916000', 'QIGQADTJR', 'NQTLFW CYYXVULI', 'AMTBQC45M52C400Q'),
	(644, '2022-02-24 17:58:24.933000', 'QXTOSMG', 'ZJDZQU CNKQAT', 'AMTBQC45M52C400Q'),
	(646, '2022-02-20 17:58:24.973000', 'MMSAEFSP', 'SIWMBIDD YDGFCEK', 'RJTEHX70E64H813F'),
	(647, '2022-01-21 17:58:24.990000', 'QHJOS', 'VZMEG FSRFSSZR', 'RJTEHX70E64H813F'),
	(649, '2022-02-14 17:58:25.026000', 'IBVUDQ', 'YTUDUVWVM TLXJMEND', 'DSRFHG09R02U816Q'),
	(650, '2022-02-25 17:58:25.045000', 'IMSSCX', 'MXLEE DELLCELWI', 'DSRFHG09R02U816Q'),
	(651, '2022-01-31 17:58:25.061000', 'NKFNZCVQV', 'ILXOREHNI CNIIIKWG', 'DSRFHG09R02U816Q'),
	(653, '2022-01-29 17:58:25.102000', 'QULCPIX', 'FNBGJAN THVCJ', 'UNLOFV17Z72C061S'),
	(654, '2022-02-11 17:58:25.141000', 'BVHSV', 'HBYGITB BRJNVL', 'UNLOFV17Z72C061S'),
	(655, '2022-02-02 17:58:25.176000', 'YXULW', 'QLABZWQEA IAVXQT', 'UNLOFV17Z72C061S'),
	(656, '2022-02-13 17:58:25.194000', 'CIASWK', 'ZMCXEW PGQRBYXR', 'UNLOFV17Z72C061S'),
	(657, '2022-02-02 17:58:25.213000', 'VHDTYI', 'BRFIB PRUUIFRG', 'UNLOFV17Z72C061S'),
	(659, '2022-02-22 17:58:25.253000', 'WRNCXNLY', 'BHWMEKYN LLITHM', 'QFGPEN86A70J090Q'),
	(660, '2022-02-01 17:58:25.273000', 'XWXDNHITM', 'EGFGW FALUGOZ', 'QFGPEN86A70J090Q'),
	(661, '2022-01-28 17:58:25.290000', 'EQJQTON', 'LCJJEN ZVSSWUSX', 'QFGPEN86A70J090Q'),
	(663, '2022-02-11 17:58:25.329000', 'CNDADGBSV', 'HWOSHS QCJHT', 'AUPTZX75E21Y698F'),
	(664, '2022-02-27 17:58:25.354000', 'EDIOICYWD', 'TKAAAFSC DAHVMWNA', 'AUPTZX75E21Y698F'),
	(666, '2022-01-22 17:58:25.394000', 'HXLOZCMFY', 'FHYCVU GNSRIPRR', 'OEICRO17Y45Y955D'),
	(667, '2022-01-28 17:58:25.416000', 'LKVEOC', 'KCWXYXOJD FLLXI', 'OEICRO17Y45Y955D'),
	(668, '2022-02-01 17:58:25.436000', 'OTUHJWM', 'HQWYGCBV DXSPPFT', 'OEICRO17Y45Y955D'),
	(669, '2022-02-16 17:58:25.455000', 'FXKJYRNMN', 'QRVNG BHAEBEYHC', 'OEICRO17Y45Y955D'),
	(670, '2022-02-22 17:58:25.474000', 'CNTRLGJ', 'HCXRBTOZ CRDUVETU', 'OEICRO17Y45Y955D'),
	(672, '2022-03-01 17:58:25.515000', 'XVKCGTPDF', 'KCUNI NISZGCHHV', 'MKIGKK85F60Z902C'),
	(673, '2022-02-02 17:58:25.534000', 'WEMHBTA', 'VQZOWO LBMDEQ', 'MKIGKK85F60Z902C'),
	(675, '2022-02-20 17:58:25.573000', 'FXGVKVF', 'WYMLQGVN URNZYEH', 'UBFGVB53N01X584O');
/*!40000 ALTER TABLE `indisponibilita` ENABLE KEYS */;

-- Dump della struttura di tabella digitaldonation.operatore
DROP TABLE IF EXISTS `operatore`;
CREATE TABLE IF NOT EXISTS `operatore` (
  `codice_fiscale_utente` varchar(255) NOT NULL,
  `sede_locale_codice_identificativo` bigint DEFAULT NULL,
  PRIMARY KEY (`codice_fiscale_utente`),
  KEY `FKn7bx56kkmp0sptrvjq99pps2a` (`sede_locale_codice_identificativo`),
  CONSTRAINT `FKas4rpftceqxk4cwdmuo33mju2` FOREIGN KEY (`codice_fiscale_utente`) REFERENCES `utente` (`codice_fiscale_utente`),
  CONSTRAINT `FKn7bx56kkmp0sptrvjq99pps2a` FOREIGN KEY (`sede_locale_codice_identificativo`) REFERENCES `sede_locale` (`codice_identificativo`)
) ENGINE=InnoDB DEFAULT CHARSET=utf8mb4 COLLATE=utf8mb4_0900_ai_ci;

-- Dump dei dati della tabella digitaldonation.operatore: ~0 rows (circa)
DELETE FROM `operatore`;
/*!40000 ALTER TABLE `operatore` DISABLE KEYS */;
INSERT INTO `operatore` (`codice_fiscale_utente`, `sede_locale_codice_identificativo`) VALUES
	('AQZOCR18G00I387Q', 676),
	('CCVQVK33G19V200E', 676),
	('GTMADW46X69K845Y', 676),
	('KBOTMG40S82X356W', 676),
	('RMSQOJ76J94H426P', 676),
	('UNWZUU22C93M711O', 676),
	('IWENOT24H92I664U', 677),
	('JXCDVG56H51B806C', 677),
	('LERGCP55L07Q153O', 677),
	('OLQNUY32Z27L774A', 677),
	('RMYRKZ78G13I613A', 677),
	('ZYJCXM21D37Z603D', 677),
	('DTJWPW63X82Q982X', 678),
	('MTNDWJ94D05F474U', 678),
	('NJHYOR32P99L899G', 678),
	('NZPWDK43V04S397Y', 678),
	('XKBFBI14I92T076B', 678),
	('YGTYDK37P40Z395L', 678),
	('CNGJWF51U60J369V', 679),
	('HBAYLA69K83T207M', 679),
	('IUYHMV72L70X094G', 679),
	('OXPBUM72Q11Y515T', 679),
	('OZINRJ31B04N744J', 679),
	('UDYAEX82E96Y414Z', 679),
	('ASVTJJ76K75T780N', 680),
	('CHGDAO06U95U786O', 680),
	('DOWWIV10J13W730R', 680),
	('DWKPHP74O23F109T', 680),
	('GJLZEM17Y26D613H', 680),
	('XIHQJM44H42A258B', 680);
/*!40000 ALTER TABLE `operatore` ENABLE KEYS */;

-- Dump della struttura di tabella digitaldonation.sede_locale
DROP TABLE IF EXISTS `sede_locale`;
CREATE TABLE IF NOT EXISTS `sede_locale` (
  `codice_identificativo` bigint NOT NULL,
  `via` varchar(255) DEFAULT NULL,
  PRIMARY KEY (`codice_identificativo`)
) ENGINE=InnoDB DEFAULT CHARSET=utf8mb4 COLLATE=utf8mb4_0900_ai_ci;

-- Dump dei dati della tabella digitaldonation.sede_locale: ~0 rows (circa)
DELETE FROM `sede_locale`;
/*!40000 ALTER TABLE `sede_locale` DISABLE KEYS */;
INSERT INTO `sede_locale` (`codice_identificativo`, `via`) VALUES
	(676, 'Pella Via txqblq 72'),
	(677, 'Brunate Via estyg 74'),
	(678, 'Serra de\' Conti Via ksxwckrs 76'),
	(679, 'Vallata Via goywnv 17'),
	(680, 'Marrubiu Via wtyrm 12');
/*!40000 ALTER TABLE `sede_locale` ENABLE KEYS */;

-- Dump della struttura di tabella digitaldonation.seduta
DROP TABLE IF EXISTS `seduta`;
CREATE TABLE IF NOT EXISTS `seduta` (
  `id_seduta` bigint NOT NULL,
  `data_fine_prenotazione` datetime(6) DEFAULT NULL,
  `data_inizio_prenotazione` datetime(6) DEFAULT NULL,
  `data_seduta` datetime(6) DEFAULT NULL,
  `luogo` varchar(255) DEFAULT NULL,
  `numero_partecipanti` int NOT NULL,
  `ora_fine` time DEFAULT NULL,
  `ora_inizio` time DEFAULT NULL,
  `sede_locale_codice_identificativo` bigint DEFAULT NULL,
  PRIMARY KEY (`id_seduta`),
  KEY `FKfawd9xnunrwfh2tj4u1ve2dck` (`sede_locale_codice_identificativo`),
  CONSTRAINT `FKfawd9xnunrwfh2tj4u1ve2dck` FOREIGN KEY (`sede_locale_codice_identificativo`) REFERENCES `sede_locale` (`codice_identificativo`)
) ENGINE=InnoDB DEFAULT CHARSET=utf8mb4 COLLATE=utf8mb4_0900_ai_ci;

-- Dump dei dati della tabella digitaldonation.seduta: ~0 rows (circa)
DELETE FROM `seduta`;
/*!40000 ALTER TABLE `seduta` DISABLE KEYS */;
INSERT INTO `seduta` (`id_seduta`, `data_fine_prenotazione`, `data_inizio_prenotazione`, `data_seduta`, `luogo`, `numero_partecipanti`, `ora_fine`, `ora_inizio`, `sede_locale_codice_identificativo`) VALUES
	(681, '2022-06-14 00:00:00.000000', '2022-05-19 00:00:00.000000', '2021-12-31 17:58:30.331000', 'Appignano Via nprtcaif 12', 40, '21:58:00', '03:34:00', 678),
	(682, '2022-09-24 00:00:00.000000', '2022-08-11 00:00:00.000000', '2021-12-31 17:58:30.398000', 'Galzignano Terme Via pjhzbx 92', 67, '04:48:00', '18:26:00', 676),
	(683, '2022-06-03 00:00:00.000000', '2022-04-06 00:00:00.000000', '2021-12-31 17:58:30.443000', 'Dolegna del Collio Via finxgahf 98', 46, '17:28:00', '11:45:00', 676),
	(684, '2022-08-03 00:00:00.000000', '2022-06-18 00:00:00.000000', '2021-12-31 17:58:30.544000', 'San Lazzaro di Savena Via ikndlj 95', 61, '04:31:00', '23:33:00', 679),
	(685, '2022-10-09 00:00:00.000000', '2022-08-15 00:00:00.000000', '2021-12-31 17:58:30.609000', 'Tessennano Via qvldiadpz 93', 75, '14:09:00', '09:37:00', 679),
	(686, '2022-10-01 00:00:00.000000', '2022-08-22 00:00:00.000000', '2021-12-31 17:58:30.648000', 'Madesimo Via wwxwohcoc 44', 29, '13:48:00', '08:22:00', 677),
	(687, '2022-08-03 00:00:00.000000', '2022-07-13 00:00:00.000000', '2021-12-31 17:58:30.685000', 'Incisa in Val d\'Arno Via rpoglw 67', 19, '04:32:00', '05:20:00', 679),
	(688, '2023-02-04 00:00:00.000000', '2022-12-06 00:00:00.000000', '2021-12-31 17:58:30.720000', 'Chambave Via aqwdvcw 49', 63, '15:29:00', '16:46:00', 678),
	(689, '2022-07-04 00:00:00.000000', '2022-05-24 00:00:00.000000', '2021-12-31 17:58:30.764000', 'Tremestieri Etneo Via bgasrkoh 64', 21, '07:13:00', '13:11:00', 677),
	(690, '2022-03-28 01:00:00.000000', '2022-03-06 00:00:00.000000', '2021-12-31 17:58:30.803000', 'Gallicano Via ewztxl 6', 79, '08:05:00', '02:33:00', 678),
	(691, '2022-03-14 00:00:00.000000', '2022-02-05 00:00:00.000000', '2021-12-31 17:58:30.841000', 'Bordighera Via gnsydzjhk 18', 62, '19:26:00', '18:32:00', 677),
	(692, '2023-01-16 00:00:00.000000', '2022-12-01 00:00:00.000000', '2021-12-31 17:58:30.881000', 'Malo Via bgqhcwg 74', 20, '09:34:00', '09:08:00', 677),
	(693, '2022-12-01 23:00:00.000000', '2022-10-16 00:00:00.000000', '2021-12-31 17:58:30.913000', 'Lama dei Peligni Via esftqcqt 97', 57, '17:09:00', '11:04:00', 678),
	(694, '2022-04-18 01:00:00.000000', '2022-03-09 00:00:00.000000', '2021-12-31 17:58:30.960000', 'Chiusi Via woqef 67', 47, '21:44:00', '10:17:00', 680),
	(695, '2022-05-07 01:00:00.000000', '2022-03-17 00:00:00.000000', '2021-12-31 17:58:31.004000', 'Camogli Via myajy 87', 49, '13:28:00', '11:30:00', 677),
	(696, '2022-11-18 23:00:00.000000', '2022-10-22 00:00:00.000000', '2021-12-31 17:58:31.048000', 'San Canzian d\'Isonzo Via bltrh 6', 40, '10:33:00', '06:22:00', 677),
	(697, '2022-03-29 01:00:00.000000', '2022-03-01 00:00:00.000000', '2021-12-31 17:58:31.092000', 'Collazzone Via khkxhke 59', 50, '21:55:00', '13:13:00', 679),
	(698, '2022-08-11 00:00:00.000000', '2022-06-14 00:00:00.000000', '2021-12-31 17:58:31.133000', 'Ruda Via bqqjsq 64', 63, '14:02:00', '15:36:00', 676),
	(699, '2022-01-30 00:00:00.000000', '2022-01-02 00:00:00.000000', '2021-12-31 17:58:31.177000', 'Stazzema Via odworz 55', 51, '16:07:00', '09:10:00', 680),
	(700, '2023-02-25 00:00:00.000000', '2022-12-31 00:00:00.000000', '2021-12-31 17:58:31.217000', 'Fontanella Via bzmbozjyr 4', 49, '16:48:00', '16:10:00', 679),
	(701, '2022-06-01 00:00:00.000000', '2022-04-25 00:00:00.000000', '2021-12-31 17:58:31.252000', 'Gonnostramatza Via xvfwoko 29', 58, '11:13:00', '12:06:00', 679),
	(702, '2022-09-17 00:00:00.000000', '2022-08-20 00:00:00.000000', '2021-12-31 17:58:31.303000', 'Africo Via ulxhkselc 96', 22, '09:26:00', '21:39:00', 678),
	(703, '2022-08-15 00:00:00.000000', '2022-06-30 00:00:00.000000', '2021-12-31 17:58:31.339000', 'Montese Via ldcxzvae 19', 69, '16:07:00', '06:11:00', 679),
	(704, '2022-09-12 00:00:00.000000', '2022-07-19 00:00:00.000000', '2021-12-31 17:58:31.384000', 'Santorso Via pupnlpyyb 14', 35, '14:32:00', '11:00:00', 679),
	(705, '2022-08-28 00:00:00.000000', '2022-07-05 00:00:00.000000', '2021-12-31 17:58:31.422000', 'Gambasca Via ydltsuxqt 19', 65, '19:22:00', '23:31:00', 676),
	(706, '2023-01-27 00:00:00.000000', '2022-12-14 00:00:00.000000', '2021-12-31 17:58:31.486000', 'Avella Via lcxbet 87', 45, '05:21:00', '03:14:00', 677),
	(707, '2022-08-18 00:00:00.000000', '2022-06-25 00:00:00.000000', '2021-12-31 17:58:31.600000', 'Pescantina Via ejaqauckl 13', 63, '15:21:00', '10:50:00', 676),
	(708, '2023-01-03 00:00:00.000000', '2022-12-06 00:00:00.000000', '2021-12-31 17:58:31.667000', 'Solagna Via fbqqb 17', 46, '08:28:00', '02:38:00', 678),
	(709, '2022-11-15 23:00:00.000000', '2022-10-17 00:00:00.000000', '2021-12-31 17:58:31.702000', 'Cunardo Via wbjrqp 90', 30, '23:44:00', '23:06:00', 677),
	(710, '2022-05-12 01:00:00.000000', '2022-03-15 00:00:00.000000', '2021-12-31 17:58:31.741000', 'Stradella Via vzcgnavms 53', 63, '14:36:00', '20:41:00', 680),
	(711, '2022-04-21 00:00:00.000000', '2022-03-28 00:00:00.000000', '2021-12-31 17:58:31.779000', 'Vestenanova Via ypsxbax 28', 46, '21:24:00', '19:37:00', 677),
	(712, '2022-07-14 00:00:00.000000', '2022-06-08 00:00:00.000000', '2021-12-31 17:58:31.832000', 'Pescate Via zvtlkt 77', 78, '19:14:00', '02:28:00', 678),
	(713, '2022-02-06 00:00:00.000000', '2022-01-13 00:00:00.000000', '2021-12-31 17:58:31.875000', 'Casatenovo Via iwhdlrfli 45', 74, '04:43:00', '21:29:00', 678),
	(714, '2022-05-26 00:00:00.000000', '2022-04-13 00:00:00.000000', '2021-12-31 17:58:31.919000', 'Magrè sulla Strada del Vino Via rmzjc 78', 55, '00:08:00', '17:18:00', 677),
	(715, '2022-06-03 00:00:00.000000', '2022-04-09 00:00:00.000000', '2021-12-31 17:58:31.964000', 'Mores Via vcoqmqh 7', 43, '12:03:00', '02:30:00', 679),
	(716, '2023-02-17 00:00:00.000000', '2022-12-31 00:00:00.000000', '2021-12-31 17:58:32.003000', 'Corsano Via uogbhz 51', 46, '05:23:00', '14:52:00', 676),
	(717, '2022-07-17 00:00:00.000000', '2022-05-29 00:00:00.000000', '2021-12-31 17:58:32.037000', 'Pievebovigliana Via xzmcp 34', 49, '11:49:00', '00:42:00', 680),
	(718, '2023-01-18 00:00:00.000000', '2022-11-25 00:00:00.000000', '2021-12-31 17:58:32.079000', 'Casandrino Via vwucssl 96', 27, '22:15:00', '03:01:00', 676),
	(719, '2022-07-29 00:00:00.000000', '2022-06-23 00:00:00.000000', '2021-12-31 17:58:32.115000', 'Fusine Via yxzcbslwn 48', 66, '09:07:00', '13:29:00', 678),
	(720, '2022-05-04 00:00:00.000000', '2022-04-08 00:00:00.000000', '2021-12-31 17:58:32.166000', 'Montereale Valcellina Via wogdhddsg 60', 23, '15:09:00', '07:28:00', 676);
/*!40000 ALTER TABLE `seduta` ENABLE KEYS */;

-- Dump della struttura di tabella digitaldonation.seduta_donatore
DROP TABLE IF EXISTS `seduta_donatore`;
CREATE TABLE IF NOT EXISTS `seduta_donatore` (
  `id_seduta` bigint NOT NULL,
  `codice_fiscale_utente` varchar(255) NOT NULL,
  KEY `FKs0h4tt52ky1yxxeqx7hsvic5v` (`codice_fiscale_utente`),
  KEY `FKgxv0a8ljdbufxh2322hpiuqkm` (`id_seduta`),
  CONSTRAINT `FKgxv0a8ljdbufxh2322hpiuqkm` FOREIGN KEY (`id_seduta`) REFERENCES `seduta` (`id_seduta`),
  CONSTRAINT `FKs0h4tt52ky1yxxeqx7hsvic5v` FOREIGN KEY (`codice_fiscale_utente`) REFERENCES `donatore` (`codice_fiscale_utente`)
) ENGINE=InnoDB DEFAULT CHARSET=utf8mb4 COLLATE=utf8mb4_0900_ai_ci;

-- Dump dei dati della tabella digitaldonation.seduta_donatore: ~0 rows (circa)
DELETE FROM `seduta_donatore`;
/*!40000 ALTER TABLE `seduta_donatore` DISABLE KEYS */;
INSERT INTO `seduta_donatore` (`id_seduta`, `codice_fiscale_utente`) VALUES
	(681, 'BSDIGA33S44F574I'),
	(681, 'EJDRLM98P69U647J'),
	(681, 'EFPCWP42J08O567B'),
	(681, 'TWYKJM89I20W098X'),
	(681, 'VNJBTI04Q19G634V'),
	(681, 'AMWZEY46X20K485B'),
	(681, 'CPQHVR51M18L075S'),
	(681, 'FJZMGJ64N58U909W'),
	(681, 'NXPDHF06G04T929Z'),
	(681, 'LCSSLB82K07W738K'),
	(681, 'RMDJZM34Z55D892O'),
	(681, 'MPFOGV51O71N203Y'),
	(681, 'RXBZXW01O95S065X'),
	(681, 'HIBETE99S52J688U'),
	(681, 'VETDUZ73X56K305L'),
	(681, 'VNJIGP43W10L504I'),
	(681, 'GDKWJG83L47B021Y'),
	(681, 'UAWLPA37B77W581L'),
	(681, 'WNWEDS81P07G121A'),
	(681, 'AJQJLS56M07J753M'),
	(681, 'HYTYOC55C92X967F'),
	(681, 'XZGIGS27H67V477P'),
	(681, 'ZXTXIT88L92J699V'),
	(681, 'OKJDKE97C93H492W'),
	(681, 'FJTPJG35T42X800K'),
	(681, 'MKIGKK85F60Z902C'),
	(681, 'NXPDHF06G04T929Z'),
	(681, 'HJAXHW79O66V204S'),
	(681, 'RJTEHX70E64H813F'),
	(681, 'AUMNCM18X04O772I'),
	(681, 'IVBCIL23S54K284Q'),
	(681, 'YMVPPS88P64Z371B'),
	(681, 'EYXTDG50U32Q553T'),
	(681, 'EBQWWQ72N76K419P'),
	(681, 'FCQNTT79W71Y805W'),
	(681, 'FJTPJG35T42X800K'),
	(697, 'MKIGKK85F60Z902C'),
	(697, 'INJTXK08I21Q383G'),
	(697, 'URIZLT80N33R070Y'),
	(697, 'IPZTZK21U52F309R'),
	(697, 'TWYKJM89I20W098X'),
	(697, 'FJZMGJ64N58U909W'),
	(697, 'ABRBAK53R70D887T'),
	(697, 'UAWLPA37B77W581L'),
	(697, 'CRTELM03I78U973V'),
	(697, 'OMNXHO82S27R749I'),
	(697, 'GUTRRM05V65I471K'),
	(697, 'OKOWMG99W27B336Y'),
	(697, 'UBFGVB53N01X584O'),
	(697, 'LMFNLD52F75Z670K'),
	(697, 'CYCSGW22E82G055S'),
	(697, 'XGFLGV04I07H097Z'),
	(697, 'YEDGZK87F05Q016W'),
	(697, 'AMTBQC45M52C400Q'),
	(697, 'ZWWKHN19G87U931O'),
	(697, 'HYTYOC55C92X967F'),
	(697, 'NOAUUU95T61N042C'),
	(697, 'AUMNCM18X04O772I'),
	(697, 'FBEZOF66R67M619Y'),
	(697, 'INJTXK08I21Q383G'),
	(697, 'PDVANF94E04O348K'),
	(697, 'TBXZOH82E70F819P'),
	(697, 'PVXDUP73N32L516P'),
	(697, 'TELAHN26K91G621F'),
	(697, 'ONAPQT01E54N539S'),
	(697, 'SFUDKA52Z20F536J'),
	(697, 'HKFHRG75Y14C209A'),
	(697, 'WETDCF27X03E199L'),
	(697, 'LMFNLD52F75Z670K'),
	(697, 'PFSZCZ89B67G251S'),
	(697, 'TELAHN26K91G621F'),
	(697, 'UAWLPA37B77W581L'),
	(697, 'MKDMPW68X18X526N'),
	(697, 'ABRBAK53R70D887T'),
	(697, 'SFUDKA52Z20F536J'),
	(697, 'ETPKNY60D30A297C'),
	(697, 'OOOIIX69H53P278A'),
	(697, 'UFDBMC22M12X575H'),
	(697, 'SBCZCR89D44T109X'),
	(697, 'WXZFUC62C69U420N'),
	(697, 'NQIHEZ50U90H229L'),
	(697, 'DIEQVS99Z81U092J'),
	(697, 'HKAKIX77G56M068K'),
	(697, 'NOCIJU71Z27G599J'),
	(697, 'TEBSGN67P86N048I'),
	(682, 'CRTELM03I78U973V'),
	(682, 'ETPKNY60D30A297C'),
	(682, 'OKOWMG99W27B336Y'),
	(682, 'PIBGIC97O60F916U'),
	(682, 'XYGNWB69C96U044D'),
	(682, 'HLOVUL79R56Z165M'),
	(682, 'ERXPPW88E58L155Q'),
	(682, 'NXCJGB59S74L521A'),
	(682, 'FBEZOF66R67M619Y'),
	(682, 'AFCLCW22Z02F362J'),
	(682, 'ONAPQT01E54N539S'),
	(682, 'FSYFZQ05T16K383F'),
	(682, 'FXRNXS07S51O975V'),
	(682, 'ETLHNP74E52P762H'),
	(682, 'MKIGKK85F60Z902C'),
	(682, 'OUJWKH69L34J200B'),
	(682, 'AMWZEY46X20K485B'),
	(682, 'MQMEDD18A47S046C'),
	(682, 'MKDMPW68X18X526N'),
	(682, 'ZNWOCQ02K45T351J'),
	(682, 'IBKYQY32J05R774N'),
	(682, 'CPQHVR51M18L075S'),
	(682, 'AFCLCW22Z02F362J'),
	(682, 'ETLHNP74E52P762H'),
	(682, 'GJQJVO90E95W685Q'),
	(682, 'NOAUUU95T61N042C'),
	(682, 'NXCJGB59S74L521A'),
	(682, 'BXLDEV64R23F850I'),
	(682, 'RMDJZM34Z55D892O'),
	(682, 'UAWLPA37B77W581L'),
	(682, 'HKFHRG75Y14C209A'),
	(682, 'NOCIJU71Z27G599J'),
	(682, 'XTSAJE48T70F647U'),
	(682, 'QQRFLF61I22G815E'),
	(682, 'DIHDFM02V44Z910H'),
	(682, 'HMLXEZ35F14T532L'),
	(682, 'INJTXK08I21Q383G'),
	(682, 'HAQZYO62I08V198R'),
	(682, 'BADTSS96B80Y712H'),
	(682, 'LQGBZM63G26Z012A'),
	(682, 'DRWNBO41U54W681O'),
	(682, 'CJRWOS59E43S947J'),
	(682, 'FXRNXS07S51O975V'),
	(682, 'AUMNCM18X04O772I'),
	(682, 'AMWZEY46X20K485B'),
	(682, 'XGFLGV04I07H097Z'),
	(682, 'AFKIWW94S77T163B'),
	(682, 'UXKOTD97E55L578D'),
	(682, 'PJJJJY72F22V517E'),
	(682, 'KUJNYJ89Q70W122U'),
	(682, 'VUVXIA94R68J392R'),
	(682, 'XTSAJE48T70F647U'),
	(682, 'KUJNYJ89Q70W122U'),
	(682, 'EFPCWP42J08O567B'),
	(682, 'ZWWKHN19G87U931O'),
	(682, 'TMWIBA75N14Y647K'),
	(682, 'ZWWKHN19G87U931O'),
	(682, 'HLOVUL79R56Z165M'),
	(682, 'DSRFHG09R02U816Q'),
	(682, 'YWTZEE28H83I988S'),
	(682, 'ONAPQT01E54N539S'),
	(682, 'IWSNKZ87T42T901C'),
	(682, 'SBCZCR89D44T109X'),
	(715, 'TNMMNU69Q38K304K'),
	(715, 'MKDMPW68X18X526N'),
	(715, 'HYTYOC55C92X967F'),
	(715, 'IPZTZK21U52F309R'),
	(715, 'MZKPLY91G82X226G'),
	(715, 'MPZROG24I74N151S'),
	(715, 'KGGALM00L79V027Y'),
	(715, 'CTQPOF53B48I476X'),
	(715, 'KACTCK80Z15K017D'),
	(715, 'MPFOGV51O71N203Y'),
	(715, 'AJQJLS56M07J753M'),
	(715, 'EFPCWP42J08O567B'),
	(715, 'DIEQVS99Z81U092J'),
	(715, 'WIYPHE01J01W518Y'),
	(715, 'LMFNLD52F75Z670K'),
	(715, 'EYXTDG50U32Q553T'),
	(715, 'MMRDCZ43P66U748R'),
	(715, 'QRIKGC82U99E075V'),
	(715, 'WETDCF27X03E199L'),
	(715, 'VETDUZ73X56K305L'),
	(715, 'TMWIBA75N14Y647K'),
	(715, 'WETDCF27X03E199L'),
	(715, 'WNWEDS81P07G121A'),
	(715, 'PVAURT63M65R625C'),
	(715, 'TEBSGN67P86N048I'),
	(715, 'FSYFZQ05T16K383F'),
	(715, 'BSDIGA33S44F574I'),
	(715, 'GKXQEO12G85E414C'),
	(715, 'JMUSKI16S32F908B'),
	(715, 'LMFNLD52F75Z670K'),
	(715, 'OUJWKH69L34J200B'),
	(715, 'MKIGKK85F60Z902C'),
	(715, 'HJAXHW79O66V204S'),
	(715, 'SVVZGT69A78N465Q'),
	(715, 'MKDMPW68X18X526N'),
	(715, 'WIYPHE01J01W518Y'),
	(715, 'TEBSGN67P86N048I'),
	(715, 'HMLXEZ35F14T532L'),
	(715, 'RZMXHF87E76B749L'),
	(715, 'DSRFHG09R02U816Q'),
	(715, 'GDKWJG83L47B021Y'),
	(715, 'SVVZGT69A78N465Q'),
	(687, 'BXUMQW54E66K020J'),
	(687, 'TYFCMX34C99W419U'),
	(687, 'GUTRRM05V65I471K'),
	(687, 'HNSWWR08U32I393Y'),
	(687, 'ZINMEA60S84U503K'),
	(687, 'MPFOGV51O71N203Y'),
	(687, 'CJRWOS59E43S947J'),
	(687, 'AFCLCW22Z02F362J'),
	(687, 'JMUSKI16S32F908B'),
	(687, 'SFRIHY31R29A967R'),
	(687, 'FRAKOC90T28K005U'),
	(687, 'PAVLXJ68M88G891R'),
	(687, 'XKMNCD84J32I697Z'),
	(687, 'QKEUZV45B87S193P'),
	(687, 'ZWWKHN19G87U931O'),
	(690, 'TTQGBS35D82A338S'),
	(690, 'YWTZEE28H83I988S'),
	(690, 'OYAHEF81M30W237F'),
	(690, 'BSDIGA33S44F574I'),
	(690, 'UMIHVS98B02M803N'),
	(690, 'EBQWWQ72N76K419P'),
	(690, 'TQOMBT73D10O537I'),
	(690, 'LHFVQH78Z66H669M'),
	(690, 'OIERKJ04M22W495L'),
	(690, 'GFLPZM21W42D576H'),
	(690, 'ZJDGXE58R79E725K'),
	(690, 'UXKOTD97E55L578D'),
	(690, 'ETLHNP74E52P762H'),
	(690, 'EBQWWQ72N76K419P'),
	(690, 'EPQUUS24M55U586T'),
	(690, 'BADTSS96B80Y712H'),
	(690, 'LUOPCG95S31N907C'),
	(690, 'HMLXEZ35F14T532L'),
	(690, 'WZFRIU67K80Z050D'),
	(690, 'GDKWJG83L47B021Y'),
	(690, 'AFCLCW22Z02F362J'),
	(690, 'FVKDHX64J34R654Q'),
	(690, 'XKMNCD84J32I697Z'),
	(690, 'HIBETE99S52J688U'),
	(690, 'OYAHEF81M30W237F'),
	(690, 'URIZLT80N33R070Y'),
	(690, 'BXUMQW54E66K020J'),
	(690, 'FXPEJP85M05Z429Y'),
	(690, 'TBXZOH82E70F819P'),
	(690, 'WOKVOS23M86W827Z'),
	(690, 'LQGBZM63G26Z012A'),
	(690, 'XKMNCD84J32I697Z'),
	(690, 'ANRYMC87A14O149N'),
	(690, 'IKKIGU30K80W872U'),
	(690, 'JFPYUG81C64M351X'),
	(690, 'BXUMQW54E66K020J'),
	(690, 'GFLPZM21W42D576H'),
	(690, 'DRWNBO41U54W681O'),
	(690, 'YRGRID44G71K419N'),
	(690, 'PDVANF94E04O348K'),
	(690, 'EBQWWQ72N76K419P'),
	(690, 'UIQYXQ93S30U602K'),
	(690, 'ODFBOM50I89S383O'),
	(690, 'ERXPPW88E58L155Q'),
	(690, 'IGWTIV89I11A167I'),
	(690, 'RJTEHX70E64H813F'),
	(690, 'MKNJQV76G86G783F'),
	(690, 'PVAURT63M65R625C'),
	(690, 'GJQJVO90E95W685Q'),
	(690, 'RJTEHX70E64H813F'),
	(690, 'VETDUZ73X56K305L'),
	(690, 'IBJGHX86V61M241E'),
	(690, 'QKEUZV45B87S193P'),
	(690, 'EFPCWP42J08O567B'),
	(690, 'HJAXHW79O66V204S'),
	(690, 'JFPYUG81C64M351X'),
	(690, 'GFLPZM21W42D576H'),
	(690, 'IGWTIV89I11A167I'),
	(690, 'KUJNYJ89Q70W122U'),
	(690, 'PVAURT63M65R625C'),
	(690, 'PEGNWZ95Q16X184L'),
	(690, 'CTQPOF53B48I476X'),
	(690, 'FSYFZQ05T16K383F'),
	(690, 'DSRFHG09R02U816Q'),
	(690, 'OOOIIX69H53P278A'),
	(690, 'OUJWKH69L34J200B'),
	(690, 'TQOMBT73D10O537I'),
	(690, 'EBQWWQ72N76K419P'),
	(690, 'MPFOGV51O71N203Y'),
	(690, 'NXPDHF06G04T929Z'),
	(690, 'LEQXMH35X84R190L'),
	(690, 'CJRWOS59E43S947J'),
	(690, 'AOZDOS40J61Z599K'),
	(690, 'TVNHZB09V39M656U'),
	(690, 'MPFOGV51O71N203Y'),
	(690, 'FVKDHX64J34R654Q'),
	(707, 'YEDDFT28T74M903N'),
	(707, 'GJQJVO90E95W685Q'),
	(707, 'SFUDKA52Z20F536J'),
	(707, 'FCQNTT79W71Y805W'),
	(707, 'OXPBKL22D39C789P'),
	(707, 'EFPCWP42J08O567B'),
	(707, 'FZYIZT43L29R816N'),
	(707, 'TELAHN26K91G621F'),
	(707, 'OIKPQU44W63N339Q'),
	(707, 'TEBSGN67P86N048I'),
	(707, 'VNJIGP43W10L504I'),
	(707, 'TVNHZB09V39M656U'),
	(707, 'WZTFXI03E76N263P'),
	(707, 'GWDMCR67P92N206Y'),
	(707, 'PVXDUP73N32L516P'),
	(707, 'MPFOGV51O71N203Y'),
	(707, 'AMWZEY46X20K485B'),
	(707, 'BSDIGA33S44F574I'),
	(707, 'ORQVWO77Y86Y948D'),
	(707, 'UNLOFV17Z72C061S'),
	(707, 'HLOVUL79R56Z165M'),
	(707, 'VETDUZ73X56K305L'),
	(707, 'PFSZCZ89B67G251S'),
	(707, 'TEBSGN67P86N048I'),
	(707, 'CPZGOX92W55R634A'),
	(707, 'UAWLPA37B77W581L'),
	(707, 'CPQHVR51M18L075S'),
	(707, 'OIERKJ04M22W495L'),
	(707, 'AUMNCM18X04O772I'),
	(707, 'AFKIWW94S77T163B'),
	(707, 'LQGBZM63G26Z012A'),
	(707, 'MKIGKK85F60Z902C'),
	(707, 'GUTRRM05V65I471K'),
	(707, 'ZWWKHN19G87U931O'),
	(707, 'FSYFZQ05T16K383F'),
	(707, 'SFUDKA52Z20F536J'),
	(707, 'ZWWKHN19G87U931O'),
	(707, 'TNMMNU69Q38K304K'),
	(707, 'OMNXHO82S27R749I'),
	(707, 'FXRNXS07S51O975V'),
	(707, 'VNJBTI04Q19G634V'),
	(707, 'QRIKGC82U99E075V'),
	(707, 'HIBETE99S52J688U'),
	(707, 'MQMEDD18A47S046C'),
	(707, 'ONAPQT01E54N539S'),
	(707, 'FXRNXS07S51O975V'),
	(707, 'HKFHRG75Y14C209A'),
	(707, 'SFUDKA52Z20F536J'),
	(707, 'AFKIWW94S77T163B'),
	(707, 'MPFOGV51O71N203Y'),
	(707, 'TBXZOH82E70F819P'),
	(707, 'FVKDHX64J34R654Q'),
	(707, 'NOCIJU71Z27G599J'),
	(707, 'WIYPHE01J01W518Y'),
	(707, 'AJQJLS56M07J753M'),
	(707, 'ANRYMC87A14O149N'),
	(707, 'WZFRIU67K80Z050D'),
	(707, 'OUJWKH69L34J200B'),
	(707, 'TEBSGN67P86N048I'),
	(720, 'WNWEDS81P07G121A'),
	(720, 'IBKYQY32J05R774N'),
	(720, 'HLOVUL79R56Z165M'),
	(720, 'AUMNCM18X04O772I'),
	(720, 'YYBIVS32W60P363A'),
	(720, 'CQBRSZ33B55J432D'),
	(720, 'AFCLCW22Z02F362J'),
	(720, 'FRAKOC90T28K005U'),
	(720, 'TTQGBS35D82A338S'),
	(720, 'CTQPOF53B48I476X'),
	(720, 'CJRWOS59E43S947J'),
	(720, 'LUOPCG95S31N907C'),
	(720, 'CPZGOX92W55R634A'),
	(720, 'HKFHRG75Y14C209A'),
	(720, 'PVXDUP73N32L516P'),
	(720, 'VMFXQK81J71F406D'),
	(720, 'OKOWMG99W27B336Y'),
	(720, 'CQBRSZ33B55J432D'),
	(720, 'CQBRSZ33B55J432D'),
	(720, 'UNLOFV17Z72C061S'),
	(720, 'XZGIGS27H67V477P'),
	(703, 'WETDCF27X03E199L'),
	(703, 'PFSZCZ89B67G251S'),
	(703, 'IKKIGU30K80W872U'),
	(703, 'LCSSLB82K07W738K'),
	(703, 'KLWKXR65E26Y719U'),
	(703, 'MKNJQV76G86G783F'),
	(703, 'LMFNLD52F75Z670K'),
	(703, 'PEGNWZ95Q16X184L'),
	(703, 'FRAKOC90T28K005U'),
	(703, 'HNSWWR08U32I393Y'),
	(703, 'QFGPEN86A70J090Q'),
	(703, 'ANRYMC87A14O149N'),
	(703, 'PVAURT63M65R625C'),
	(703, 'YYBIVS32W60P363A'),
	(703, 'EZQCAB88M99Q488E'),
	(703, 'BXUMQW54E66K020J'),
	(703, 'MZKPLY91G82X226G'),
	(703, 'MPZROG24I74N151S'),
	(703, 'JCJXIW27C64O157P'),
	(703, 'PVXDUP73N32L516P'),
	(703, 'HIBETE99S52J688U'),
	(703, 'VLNVVS97W01P636W'),
	(703, 'ZNWOCQ02K45T351J'),
	(703, 'CPQHVR51M18L075S'),
	(703, 'YMVPPS88P64Z371B'),
	(703, 'VUVXIA94R68J392R'),
	(703, 'RWSDKA85C96N935A'),
	(703, 'MZKPLY91G82X226G'),
	(703, 'ANRYMC87A14O149N'),
	(703, 'EFPCWP42J08O567B'),
	(703, 'IVBCIL23S54K284Q'),
	(703, 'VETDUZ73X56K305L'),
	(703, 'ACNCZY45X38I793C'),
	(703, 'QKEUZV45B87S193P'),
	(703, 'GFLPZM21W42D576H'),
	(703, 'KLWKXR65E26Y719U'),
	(703, 'ZXTXIT88L92J699V'),
	(703, 'QRIKGC82U99E075V'),
	(703, 'LCSSLB82K07W738K'),
	(703, 'RMDJZM34Z55D892O'),
	(703, 'GJQJVO90E95W685Q'),
	(703, 'RXBZXW01O95S065X'),
	(703, 'TMWIBA75N14Y647K'),
	(703, 'KACTCK80Z15K017D'),
	(703, 'KUJNYJ89Q70W122U'),
	(703, 'DSRFHG09R02U816Q'),
	(703, 'MZKPLY91G82X226G'),
	(703, 'KACTCK80Z15K017D'),
	(703, 'LMFNLD52F75Z670K'),
	(703, 'AMWZEY46X20K485B'),
	(703, 'BSRZSP35I62U346C'),
	(703, 'FJZMGJ64N58U909W'),
	(703, 'CYCSGW22E82G055S'),
	(703, 'NOCIJU71Z27G599J'),
	(703, 'IGWTIV89I11A167I'),
	(703, 'VUVXIA94R68J392R'),
	(703, 'ZWWKHN19G87U931O'),
	(703, 'UIQYXQ93S30U602K'),
	(703, 'GWDMCR67P92N206Y'),
	(703, 'XGFLGV04I07H097Z'),
	(703, 'SFUDKA52Z20F536J'),
	(703, 'YEDDFT28T74M903N'),
	(703, 'QRIKGC82U99E075V'),
	(703, 'GUTRRM05V65I471K'),
	(703, 'UAWLPA37B77W581L'),
	(703, 'VVITXU29Q14Z877L'),
	(703, 'IGWTIV89I11A167I'),
	(703, 'KGGALM00L79V027Y'),
	(698, 'PJJJJY72F22V517E'),
	(698, 'MKNJQV76G86G783F'),
	(698, 'DSRFHG09R02U816Q'),
	(698, 'YGUSCZ78A62D145W'),
	(698, 'YWTZEE28H83I988S'),
	(698, 'WZTFXI03E76N263P'),
	(698, 'QVBPUH43D17M505X'),
	(698, 'NOAUUU95T61N042C'),
	(698, 'FJZMGJ64N58U909W'),
	(698, 'EYXTDG50U32Q553T'),
	(698, 'IBKYQY32J05R774N'),
	(698, 'HLOVUL79R56Z165M'),
	(698, 'CYCSGW22E82G055S'),
	(698, 'QVBPUH43D17M505X'),
	(698, 'PVXDUP73N32L516P'),
	(698, 'HYTYOC55C92X967F'),
	(698, 'TEBSGN67P86N048I'),
	(698, 'JMUSKI16S32F908B'),
	(698, 'LHFVQH78Z66H669M'),
	(698, 'BXLDEV64R23F850I'),
	(698, 'EBQWWQ72N76K419P'),
	(698, 'QISWRD17C05D102O'),
	(698, 'IWSNKZ87T42T901C'),
	(698, 'CPZGOX92W55R634A'),
	(698, 'AIEVGN44I74X492I'),
	(698, 'ABRBAK53R70D887T'),
	(698, 'ZOIHEV75J70E000A'),
	(698, 'GDKWJG83L47B021Y'),
	(698, 'IIYNRE75S69L971E'),
	(698, 'PIBGIC97O60F916U'),
	(698, 'RZMXHF87E76B749L'),
	(698, 'NOAUUU95T61N042C'),
	(698, 'IPZTZK21U52F309R'),
	(698, 'TTQGBS35D82A338S'),
	(698, 'MCZZEI10X58A139Z'),
	(698, 'DSRFHG09R02U816Q'),
	(698, 'ANRYMC87A14O149N'),
	(698, 'MZKPLY91G82X226G'),
	(698, 'IVBCIL23S54K284Q'),
	(698, 'JFPYUG81C64M351X'),
	(698, 'DRWNBO41U54W681O'),
	(698, 'ZINMEA60S84U503K'),
	(698, 'FTZUCG23Z67L413J'),
	(698, 'TBXZOH82E70F819P'),
	(698, 'QISWRD17C05D102O'),
	(698, 'IVBCIL23S54K284Q'),
	(698, 'UFDBMC22M12X575H'),
	(698, 'XTSAJE48T70F647U'),
	(698, 'LMFNLD52F75Z670K'),
	(698, 'VNJBTI04Q19G634V'),
	(698, 'WIYPHE01J01W518Y'),
	(698, 'WETDCF27X03E199L'),
	(698, 'UFDBMC22M12X575H'),
	(698, 'TWYKJM89I20W098X'),
	(698, 'HMLXEZ35F14T532L'),
	(698, 'UXKOTD97E55L578D'),
	(698, 'KLWKXR65E26Y719U'),
	(698, 'PVAURT63M65R625C'),
	(698, 'MKDMPW68X18X526N'),
	(698, 'HMLXEZ35F14T532L'),
	(698, 'ETLHNP74E52P762H'),
	(698, 'HKAKIX77G56M068K'),
	(692, 'VMFXQK81J71F406D'),
	(692, 'IVBCIL23S54K284Q'),
	(692, 'JMUSKI16S32F908B'),
	(692, 'PDVANF94E04O348K'),
	(692, 'SNLGHM96N81Z900P'),
	(692, 'QVBPUH43D17M505X'),
	(692, 'MKIGKK85F60Z902C'),
	(692, 'EYXTDG50U32Q553T'),
	(692, 'OMNXHO82S27R749I'),
	(692, 'QISWRD17C05D102O'),
	(692, 'LQGBZM63G26Z012A'),
	(692, 'ANRYMC87A14O149N'),
	(692, 'GSUKKX83D99T933N'),
	(692, 'PIBGIC97O60F916U'),
	(692, 'EJDRLM98P69U647J'),
	(692, 'YEDGZK87F05Q016W'),
	(692, 'FXPEJP85M05Z429Y'),
	(692, 'MPZROG24I74N151S'),
	(692, 'MQMEDD18A47S046C'),
	(716, 'QISWRD17C05D102O'),
	(716, 'YEDDFT28T74M903N'),
	(716, 'LCSSLB82K07W738K'),
	(716, 'PVAURT63M65R625C'),
	(716, 'EBQWWQ72N76K419P'),
	(716, 'JCJXIW27C64O157P'),
	(716, 'WZFRIU67K80Z050D'),
	(716, 'WETDCF27X03E199L'),
	(716, 'AIEVGN44I74X492I'),
	(716, 'QFGPEN86A70J090Q'),
	(716, 'OUJWKH69L34J200B'),
	(716, 'TVNHZB09V39M656U'),
	(716, 'DRWNBO41U54W681O'),
	(716, 'IGWTIV89I11A167I'),
	(716, 'AUMNCM18X04O772I'),
	(716, 'BSRZSP35I62U346C'),
	(716, 'ODFBOM50I89S383O'),
	(716, 'OYAHEF81M30W237F'),
	(716, 'XTSAJE48T70F647U'),
	(716, 'LHFVQH78Z66H669M'),
	(716, 'TQOMBT73D10O537I'),
	(716, 'SFRIHY31R29A967R'),
	(716, 'GUTRRM05V65I471K'),
	(716, 'GWDMCR67P92N206Y'),
	(716, 'XGFLGV04I07H097Z'),
	(716, 'TEBSGN67P86N048I'),
	(716, 'GDKWJG83L47B021Y'),
	(716, 'PJANPY63Y82W321N'),
	(716, 'NOAUUU95T61N042C'),
	(716, 'DSRFHG09R02U816Q'),
	(716, 'UXKOTD97E55L578D'),
	(716, 'OIKPQU44W63N339Q'),
	(716, 'NOCIJU71Z27G599J'),
	(716, 'CPQHVR51M18L075S'),
	(716, 'INJTXK08I21Q383G'),
	(716, 'PAVLXJ68M88G891R'),
	(716, 'UBFGVB53N01X584O'),
	(716, 'YMVPPS88P64Z371B'),
	(716, 'MKIGKK85F60Z902C'),
	(716, 'VQUXZY80D23L085F'),
	(716, 'IWSNKZ87T42T901C'),
	(716, 'BXLDEV64R23F850I'),
	(716, 'RMDJZM34Z55D892O'),
	(716, 'KACTCK80Z15K017D'),
	(716, 'TWYKJM89I20W098X'),
	(716, 'GSUKKX83D99T933N'),
	(696, 'EPQUUS24M55U586T'),
	(696, 'GKXQEO12G85E414C'),
	(696, 'XYGNWB69C96U044D'),
	(696, 'UMIHVS98B02M803N'),
	(696, 'GFLPZM21W42D576H'),
	(696, 'RWSDKA85C96N935A'),
	(696, 'OKJDKE97C93H492W'),
	(696, 'ANRYMC87A14O149N'),
	(696, 'NOAUUU95T61N042C'),
	(696, 'VQUXZY80D23L085F'),
	(696, 'OKOWMG99W27B336Y'),
	(696, 'TEBSGN67P86N048I'),
	(696, 'ACNCZY45X38I793C'),
	(696, 'UXKOTD97E55L578D'),
	(696, 'CPQHVR51M18L075S'),
	(696, 'GSUKKX83D99T933N'),
	(696, 'CYCSGW22E82G055S'),
	(696, 'IBKYQY32J05R774N'),
	(696, 'NQIHEZ50U90H229L'),
	(696, 'EFPCWP42J08O567B'),
	(696, 'MZKPLY91G82X226G'),
	(696, 'CPQHVR51M18L075S'),
	(696, 'CRTELM03I78U973V'),
	(696, 'AIEVGN44I74X492I'),
	(696, 'OMFLLZ32U12K296N'),
	(696, 'GSUKKX83D99T933N'),
	(696, 'TTQGBS35D82A338S'),
	(696, 'ETPKNY60D30A297C'),
	(696, 'EPQUUS24M55U586T'),
	(696, 'MAULEE40Q51U339O'),
	(696, 'IBJGHX86V61M241E'),
	(696, 'SBCZCR89D44T109X'),
	(696, 'ORQVWO77Y86Y948D'),
	(696, 'AUPTZX75E21Y698F'),
	(696, 'PFSZCZ89B67G251S'),
	(696, 'OKJDKE97C93H492W'),
	(696, 'PIBGIC97O60F916U'),
	(696, 'MAULEE40Q51U339O'),
	(696, 'NOAUUU95T61N042C'),
	(693, 'UAWLPA37B77W581L'),
	(693, 'YEDGZK87F05Q016W'),
	(693, 'MWCZZR57R80B899O'),
	(693, 'CJRWOS59E43S947J'),
	(693, 'ONAPQT01E54N539S'),
	(693, 'HMLXEZ35F14T532L'),
	(693, 'OKJDKE97C93H492W'),
	(693, 'ZINMEA60S84U503K'),
	(693, 'JFPYUG81C64M351X'),
	(693, 'HKFHRG75Y14C209A'),
	(693, 'SVVZGT69A78N465Q'),
	(693, 'BSRZSP35I62U346C'),
	(693, 'AOZDOS40J61Z599K'),
	(693, 'WIYPHE01J01W518Y'),
	(693, 'EYXTDG50U32Q553T'),
	(693, 'WIYPHE01J01W518Y'),
	(693, 'FCQNTT79W71Y805W'),
	(693, 'NQIHEZ50U90H229L'),
	(693, 'ERXPPW88E58L155Q'),
	(693, 'NOCIJU71Z27G599J'),
	(693, 'EBQWWQ72N76K419P'),
	(693, 'CPQHVR51M18L075S'),
	(693, 'TNMMNU69Q38K304K'),
	(693, 'WOKVOS23M86W827Z'),
	(693, 'OIKPQU44W63N339Q'),
	(693, 'PFSZCZ89B67G251S'),
	(693, 'CPQHVR51M18L075S'),
	(693, 'SNLGHM96N81Z900P'),
	(693, 'LHFVQH78Z66H669M'),
	(693, 'TEBSGN67P86N048I'),
	(693, 'HJAXHW79O66V204S'),
	(693, 'PVAURT63M65R625C'),
	(693, 'VUVXIA94R68J392R'),
	(693, 'OUJWKH69L34J200B'),
	(693, 'PVXDUP73N32L516P'),
	(693, 'FTZUCG23Z67L413J'),
	(693, 'KGGALM00L79V027Y'),
	(693, 'QFGPEN86A70J090Q'),
	(693, 'MWCZZR57R80B899O'),
	(693, 'IKKIGU30K80W872U'),
	(693, 'AUMNCM18X04O772I'),
	(693, 'KGGALM00L79V027Y'),
	(693, 'EJDRLM98P69U647J'),
	(693, 'DSRFHG09R02U816Q'),
	(693, 'IPZTZK21U52F309R'),
	(693, 'SFRIHY31R29A967R'),
	(693, 'XYGNWB69C96U044D'),
	(693, 'NXCJGB59S74L521A'),
	(693, 'NOCIJU71Z27G599J'),
	(693, 'FRAKOC90T28K005U'),
	(693, 'CJRWOS59E43S947J'),
	(693, 'KLWKXR65E26Y719U'),
	(705, 'AUPTZX75E21Y698F'),
	(705, 'FBEZOF66R67M619Y'),
	(705, 'HKAKIX77G56M068K'),
	(705, 'GSODKF52Q79J146F'),
	(705, 'ORQVWO77Y86Y948D'),
	(705, 'HMLXEZ35F14T532L'),
	(705, 'YGUSCZ78A62D145W'),
	(705, 'DSRFHG09R02U816Q'),
	(705, 'FSYFZQ05T16K383F'),
	(705, 'LCSSLB82K07W738K'),
	(705, 'GWDMCR67P92N206Y'),
	(705, 'CRTELM03I78U973V'),
	(705, 'BXUMQW54E66K020J'),
	(705, 'UAIQAH29X91Y254N'),
	(705, 'TVNHZB09V39M656U'),
	(705, 'MKIGKK85F60Z902C'),
	(705, 'FTZUCG23Z67L413J'),
	(705, 'LUOPCG95S31N907C'),
	(705, 'MMRDCZ43P66U748R'),
	(705, 'VQUXZY80D23L085F'),
	(705, 'TMWIBA75N14Y647K'),
	(705, 'ABRBAK53R70D887T'),
	(705, 'GUTRRM05V65I471K'),
	(705, 'UMIHVS98B02M803N'),
	(705, 'QVBPUH43D17M505X'),
	(705, 'FXPEJP85M05Z429Y'),
	(705, 'VNJIGP43W10L504I'),
	(705, 'LQGBZM63G26Z012A'),
	(705, 'MMRDCZ43P66U748R'),
	(705, 'ABRBAK53R70D887T'),
	(705, 'MKDMPW68X18X526N'),
	(705, 'JCJXIW27C64O157P'),
	(705, 'WZFRIU67K80Z050D'),
	(705, 'FEVVNQ05P39L775J'),
	(705, 'MWCZZR57R80B899O'),
	(705, 'LMFNLD52F75Z670K'),
	(705, 'TNMMNU69Q38K304K'),
	(705, 'PJANPY63Y82W321N'),
	(705, 'MPFOGV51O71N203Y'),
	(705, 'ODFBOM50I89S383O'),
	(705, 'RZMXHF87E76B749L'),
	(705, 'OUJWKH69L34J200B'),
	(705, 'LUOPCG95S31N907C'),
	(705, 'SXZLPF13V53G737U'),
	(705, 'FJTPJG35T42X800K'),
	(705, 'SNLGHM96N81Z900P'),
	(705, 'YEDGZK87F05Q016W'),
	(705, 'DIEQVS99Z81U092J'),
	(705, 'HAQZYO62I08V198R'),
	(705, 'VQUXZY80D23L085F'),
	(705, 'UXKOTD97E55L578D'),
	(705, 'FTZUCG23Z67L413J'),
	(705, 'PDVANF94E04O348K'),
	(705, 'WZTFXI03E76N263P'),
	(705, 'NOAUUU95T61N042C'),
	(705, 'TELAHN26K91G621F'),
	(705, 'MKIGKK85F60Z902C'),
	(705, 'RZMXHF87E76B749L'),
	(705, 'TMWIBA75N14Y647K'),
	(705, 'KGGALM00L79V027Y'),
	(705, 'SNXTNF57Y98S239V'),
	(705, 'VVITXU29Q14Z877L'),
	(706, 'WOKVOS23M86W827Z'),
	(706, 'MCZZEI10X58A139Z'),
	(706, 'GSODKF52Q79J146F'),
	(706, 'EJDRLM98P69U647J'),
	(706, 'RMDJZM34Z55D892O'),
	(706, 'MPFOGV51O71N203Y'),
	(706, 'KUJNYJ89Q70W122U'),
	(706, 'CPZGOX92W55R634A'),
	(706, 'VNJBTI04Q19G634V'),
	(706, 'UBFGVB53N01X584O'),
	(706, 'SNLGHM96N81Z900P'),
	(706, 'AFKIWW94S77T163B'),
	(706, 'QRIKGC82U99E075V'),
	(706, 'KGGALM00L79V027Y'),
	(706, 'MMRDCZ43P66U748R'),
	(706, 'OYAHEF81M30W237F'),
	(706, 'IIYNRE75S69L971E'),
	(706, 'DRWNBO41U54W681O'),
	(706, 'VNJBTI04Q19G634V'),
	(706, 'HJAXHW79O66V204S'),
	(706, 'ZOIHEV75J70E000A'),
	(706, 'MAULEE40Q51U339O'),
	(706, 'EJDRLM98P69U647J'),
	(706, 'DRWNBO41U54W681O'),
	(706, 'BSDIGA33S44F574I'),
	(706, 'MPZROG24I74N151S'),
	(706, 'RJTEHX70E64H813F'),
	(706, 'BXLDEV64R23F850I'),
	(706, 'GSODKF52Q79J146F'),
	(706, 'QISWRD17C05D102O'),
	(706, 'MKNJQV76G86G783F'),
	(706, 'IBKYQY32J05R774N'),
	(706, 'JFPYUG81C64M351X'),
	(706, 'HKFHRG75Y14C209A'),
	(706, 'UNLOFV17Z72C061S'),
	(706, 'YYBIVS32W60P363A'),
	(706, 'FXPEJP85M05Z429Y'),
	(706, 'FJTPJG35T42X800K'),
	(706, 'GFLPZM21W42D576H'),
	(706, 'BSDIGA33S44F574I'),
	(706, 'TELAHN26K91G621F'),
	(718, 'KACTCK80Z15K017D'),
	(718, 'TMWIBA75N14Y647K'),
	(718, 'ETPKNY60D30A297C'),
	(718, 'EJDRLM98P69U647J'),
	(718, 'UNLOFV17Z72C061S'),
	(718, 'KLWKXR65E26Y719U'),
	(718, 'FXRNXS07S51O975V'),
	(718, 'JMUSKI16S32F908B'),
	(718, 'GSUKKX83D99T933N'),
	(718, 'TWYKJM89I20W098X'),
	(718, 'SXZLPF13V53G737U'),
	(718, 'TNMMNU69Q38K304K'),
	(718, 'GSUKKX83D99T933N'),
	(718, 'SNLGHM96N81Z900P'),
	(718, 'TMWIBA75N14Y647K'),
	(718, 'INJTXK08I21Q383G'),
	(718, 'DIHDFM02V44Z910H'),
	(718, 'HIBETE99S52J688U'),
	(718, 'GFLPZM21W42D576H'),
	(718, 'RJTEHX70E64H813F'),
	(718, 'UMIHVS98B02M803N'),
	(718, 'ONAPQT01E54N539S'),
	(718, 'RWSDKA85C96N935A'),
	(718, 'ETPKNY60D30A297C'),
	(718, 'ACNCZY45X38I793C'),
	(683, 'CTQPOF53B48I476X'),
	(683, 'XKMNCD84J32I697Z'),
	(683, 'GSUKKX83D99T933N'),
	(683, 'VVITXU29Q14Z877L'),
	(683, 'EPQUUS24M55U586T'),
	(683, 'QISWRD17C05D102O'),
	(683, 'MCZZEI10X58A139Z'),
	(683, 'ZWWKHN19G87U931O'),
	(683, 'TVNHZB09V39M656U'),
	(683, 'CJRWOS59E43S947J'),
	(683, 'GSODKF52Q79J146F'),
	(683, 'WETDCF27X03E199L'),
	(683, 'FVKDHX64J34R654Q'),
	(683, 'HMLXEZ35F14T532L'),
	(683, 'OKJDKE97C93H492W'),
	(683, 'CTQPOF53B48I476X'),
	(683, 'QKEUZV45B87S193P'),
	(683, 'WOKVOS23M86W827Z'),
	(683, 'FSYFZQ05T16K383F'),
	(683, 'ZJDGXE58R79E725K'),
	(683, 'WZTFXI03E76N263P'),
	(683, 'QVBPUH43D17M505X'),
	(683, 'KACTCK80Z15K017D'),
	(683, 'OUJWKH69L34J200B'),
	(683, 'BSDIGA33S44F574I'),
	(683, 'LMFNLD52F75Z670K'),
	(683, 'MZKPLY91G82X226G'),
	(683, 'VUVXIA94R68J392R'),
	(683, 'WXZFUC62C69U420N'),
	(683, 'ETPKNY60D30A297C'),
	(683, 'PJJJJY72F22V517E'),
	(683, 'VNJBTI04Q19G634V'),
	(683, 'AFKIWW94S77T163B'),
	(683, 'PAVLXJ68M88G891R'),
	(683, 'MZKPLY91G82X226G'),
	(683, 'EYXTDG50U32Q553T'),
	(683, 'FZYIZT43L29R816N'),
	(683, 'UXKOTD97E55L578D'),
	(683, 'QRIKGC82U99E075V'),
	(683, 'PDVANF94E04O348K'),
	(683, 'AMTBQC45M52C400Q'),
	(683, 'MPFOGV51O71N203Y'),
	(683, 'XZGIGS27H67V477P'),
	(683, 'URIZLT80N33R070Y'),
	(714, 'LCSSLB82K07W738K'),
	(714, 'FSYFZQ05T16K383F'),
	(714, 'QISWRD17C05D102O'),
	(714, 'HNSWWR08U32I393Y'),
	(714, 'XYGNWB69C96U044D'),
	(714, 'SFUDKA52Z20F536J'),
	(714, 'WNWEDS81P07G121A'),
	(714, 'CPZGOX92W55R634A'),
	(714, 'PJANPY63Y82W321N'),
	(714, 'YQELJK33K33N984S'),
	(714, 'VNJBTI04Q19G634V'),
	(714, 'FTZUCG23Z67L413J'),
	(714, 'OIERKJ04M22W495L'),
	(714, 'VVITXU29Q14Z877L'),
	(714, 'BXLDEV64R23F850I'),
	(714, 'AMWZEY46X20K485B'),
	(714, 'SNXTNF57Y98S239V'),
	(714, 'QVBPUH43D17M505X'),
	(714, 'ACNCZY45X38I793C'),
	(714, 'OKJDKE97C93H492W'),
	(714, 'WZFRIU67K80Z050D'),
	(714, 'TWYKJM89I20W098X'),
	(714, 'HMLXEZ35F14T532L'),
	(714, 'LCSSLB82K07W738K'),
	(714, 'MAULEE40Q51U339O'),
	(714, 'EZQCAB88M99Q488E'),
	(714, 'OIKPQU44W63N339Q'),
	(714, 'WXZFUC62C69U420N'),
	(714, 'AJQJLS56M07J753M'),
	(714, 'ZOIHEV75J70E000A'),
	(714, 'CPQHVR51M18L075S'),
	(714, 'VVITXU29Q14Z877L'),
	(714, 'KGGALM00L79V027Y'),
	(714, 'FXRNXS07S51O975V'),
	(714, 'VMFXQK81J71F406D'),
	(714, 'YWTZEE28H83I988S'),
	(714, 'ERXPPW88E58L155Q'),
	(714, 'OKOWMG99W27B336Y'),
	(714, 'GSUKKX83D99T933N'),
	(714, 'HMLXEZ35F14T532L'),
	(714, 'FXPEJP85M05Z429Y'),
	(714, 'UIQYXQ93S30U602K'),
	(714, 'AOZDOS40J61Z599K'),
	(714, 'UIQYXQ93S30U602K'),
	(714, 'FRAKOC90T28K005U'),
	(714, 'YGUSCZ78A62D145W'),
	(714, 'AMWZEY46X20K485B'),
	(714, 'PJJJJY72F22V517E'),
	(714, 'IGWTIV89I11A167I'),
	(714, 'TMWIBA75N14Y647K'),
	(714, 'PAVLXJ68M88G891R'),
	(714, 'GWDMCR67P92N206Y'),
	(701, 'LQGBZM63G26Z012A'),
	(701, 'KUJNYJ89Q70W122U'),
	(701, 'TTQGBS35D82A338S'),
	(701, 'GDKWJG83L47B021Y'),
	(701, 'CRTELM03I78U973V'),
	(701, 'PFSZCZ89B67G251S'),
	(701, 'KACTCK80Z15K017D'),
	(701, 'HIBETE99S52J688U'),
	(701, 'SFUDKA52Z20F536J'),
	(701, 'TQOMBT73D10O537I'),
	(701, 'OKOWMG99W27B336Y'),
	(701, 'FJZMGJ64N58U909W'),
	(701, 'UBFGVB53N01X584O'),
	(701, 'QFGPEN86A70J090Q'),
	(701, 'HIBETE99S52J688U'),
	(701, 'GFLPZM21W42D576H'),
	(701, 'MCZZEI10X58A139Z'),
	(701, 'NOCIJU71Z27G599J'),
	(701, 'SNLGHM96N81Z900P'),
	(701, 'HKAKIX77G56M068K'),
	(701, 'UXKOTD97E55L578D'),
	(701, 'JFPYUG81C64M351X'),
	(701, 'IIYNRE75S69L971E'),
	(701, 'MWCZZR57R80B899O'),
	(701, 'ACNCZY45X38I793C'),
	(701, 'HAQZYO62I08V198R'),
	(701, 'FSYFZQ05T16K383F'),
	(701, 'LHFVQH78Z66H669M'),
	(701, 'TMWIBA75N14Y647K'),
	(701, 'XKMNCD84J32I697Z'),
	(701, 'DSRFHG09R02U816Q'),
	(701, 'ACNCZY45X38I793C'),
	(701, 'ACNCZY45X38I793C'),
	(701, 'AJQJLS56M07J753M'),
	(701, 'SNXTNF57Y98S239V'),
	(701, 'SNXTNF57Y98S239V'),
	(701, 'DRWNBO41U54W681O'),
	(701, 'ZNWOCQ02K45T351J'),
	(701, 'PJANPY63Y82W321N'),
	(701, 'MKIGKK85F60Z902C'),
	(701, 'YEDDFT28T74M903N'),
	(701, 'RWSDKA85C96N935A'),
	(701, 'FZYIZT43L29R816N'),
	(701, 'JMUSKI16S32F908B'),
	(701, 'PDVANF94E04O348K'),
	(701, 'RXBZXW01O95S065X'),
	(701, 'GUTRRM05V65I471K'),
	(701, 'HJAXHW79O66V204S'),
	(701, 'FXPEJP85M05Z429Y'),
	(701, 'HNSWWR08U32I393Y'),
	(701, 'UXKOTD97E55L578D'),
	(701, 'YEDGZK87F05Q016W'),
	(701, 'VLNVVS97W01P636W'),
	(701, 'IVBCIL23S54K284Q'),
	(701, 'UMIHVS98B02M803N'),
	(701, 'AMTBQC45M52C400Q'),
	(701, 'KGGALM00L79V027Y'),
	(701, 'VQUXZY80D23L085F'),
	(688, 'ZNWOCQ02K45T351J'),
	(688, 'GKXQEO12G85E414C'),
	(688, 'ZOIHEV75J70E000A'),
	(688, 'UNLOFV17Z72C061S'),
	(688, 'WOKVOS23M86W827Z'),
	(688, 'TWYKJM89I20W098X'),
	(688, 'IPZTZK21U52F309R'),
	(688, 'ETLHNP74E52P762H'),
	(688, 'HKAKIX77G56M068K'),
	(688, 'ANRYMC87A14O149N'),
	(688, 'PDVANF94E04O348K'),
	(688, 'XZGIGS27H67V477P'),
	(688, 'FEVVNQ05P39L775J'),
	(688, 'GSODKF52Q79J146F'),
	(688, 'ORQVWO77Y86Y948D'),
	(688, 'SBCZCR89D44T109X'),
	(688, 'ONAPQT01E54N539S'),
	(688, 'BSRZSP35I62U346C'),
	(688, 'MMRDCZ43P66U748R'),
	(688, 'EYXTDG50U32Q553T'),
	(688, 'CJRWOS59E43S947J'),
	(688, 'GKXQEO12G85E414C'),
	(688, 'UNLOFV17Z72C061S'),
	(688, 'FBEZOF66R67M619Y'),
	(688, 'XYGNWB69C96U044D'),
	(688, 'JFPYUG81C64M351X'),
	(688, 'ANRYMC87A14O149N'),
	(688, 'OMFLLZ32U12K296N'),
	(688, 'NXCJGB59S74L521A'),
	(688, 'DIEQVS99Z81U092J'),
	(688, 'IKKIGU30K80W872U'),
	(688, 'VETDUZ73X56K305L'),
	(688, 'SNXTNF57Y98S239V'),
	(688, 'FJTPJG35T42X800K'),
	(688, 'UXKOTD97E55L578D'),
	(688, 'IIYNRE75S69L971E'),
	(688, 'TWYKJM89I20W098X'),
	(688, 'RWSDKA85C96N935A'),
	(688, 'UAIQAH29X91Y254N'),
	(688, 'MQMEDD18A47S046C'),
	(688, 'HLOVUL79R56Z165M'),
	(688, 'FSYFZQ05T16K383F'),
	(688, 'JMUSKI16S32F908B'),
	(688, 'DSRFHG09R02U816Q'),
	(688, 'IBKYQY32J05R774N'),
	(688, 'FXPEJP85M05Z429Y'),
	(688, 'CTQPOF53B48I476X'),
	(688, 'IBKYQY32J05R774N'),
	(688, 'TVNHZB09V39M656U'),
	(688, 'ETPKNY60D30A297C'),
	(688, 'JCJXIW27C64O157P'),
	(688, 'ETPKNY60D30A297C'),
	(688, 'EZQCAB88M99Q488E'),
	(688, 'AFKIWW94S77T163B'),
	(688, 'FJTPJG35T42X800K'),
	(688, 'VNJBTI04Q19G634V'),
	(688, 'PAVLXJ68M88G891R'),
	(688, 'TMWIBA75N14Y647K'),
	(688, 'VVITXU29Q14Z877L'),
	(688, 'FXRNXS07S51O975V'),
	(688, 'YEDGZK87F05Q016W'),
	(704, 'AFCLCW22Z02F362J'),
	(704, 'MWCZZR57R80B899O'),
	(704, 'XZGIGS27H67V477P'),
	(704, 'ZXTXIT88L92J699V'),
	(704, 'IWSNKZ87T42T901C'),
	(704, 'GKXQEO12G85E414C'),
	(704, 'VETDUZ73X56K305L'),
	(704, 'GFLPZM21W42D576H'),
	(704, 'TEBSGN67P86N048I'),
	(704, 'ACNCZY45X38I793C'),
	(704, 'YEDDFT28T74M903N'),
	(704, 'HLOVUL79R56Z165M'),
	(704, 'DIEQVS99Z81U092J'),
	(704, 'WETDCF27X03E199L'),
	(704, 'ZXTXIT88L92J699V'),
	(704, 'AMWZEY46X20K485B'),
	(704, 'GDKWJG83L47B021Y'),
	(704, 'SNLGHM96N81Z900P'),
	(704, 'PDVANF94E04O348K'),
	(704, 'WIYPHE01J01W518Y'),
	(704, 'GFLPZM21W42D576H'),
	(704, 'YEDGZK87F05Q016W'),
	(704, 'XKMNCD84J32I697Z'),
	(704, 'AUPTZX75E21Y698F'),
	(704, 'ERXPPW88E58L155Q'),
	(704, 'TEBSGN67P86N048I'),
	(704, 'RZMXHF87E76B749L'),
	(704, 'FEVVNQ05P39L775J'),
	(704, 'RXBZXW01O95S065X'),
	(704, 'IVBCIL23S54K284Q'),
	(704, 'XTSAJE48T70F647U'),
	(704, 'NOAUUU95T61N042C'),
	(700, 'YRGRID44G71K419N'),
	(700, 'BSRZSP35I62U346C'),
	(700, 'OIERKJ04M22W495L'),
	(700, 'ACNCZY45X38I793C'),
	(700, 'XTSAJE48T70F647U'),
	(700, 'HJAXHW79O66V204S'),
	(700, 'FBEZOF66R67M619Y'),
	(700, 'BSRZSP35I62U346C'),
	(700, 'MZKPLY91G82X226G'),
	(700, 'YEDGZK87F05Q016W'),
	(700, 'CRTELM03I78U973V'),
	(700, 'CYCSGW22E82G055S'),
	(700, 'CTQPOF53B48I476X'),
	(700, 'RZMXHF87E76B749L'),
	(700, 'SXZLPF13V53G737U'),
	(700, 'MAULEE40Q51U339O'),
	(700, 'VMFXQK81J71F406D'),
	(700, 'ONAPQT01E54N539S'),
	(700, 'WNWEDS81P07G121A'),
	(700, 'ETLHNP74E52P762H'),
	(700, 'JCJXIW27C64O157P'),
	(700, 'PEGNWZ95Q16X184L'),
	(700, 'FSYFZQ05T16K383F'),
	(700, 'URIZLT80N33R070Y'),
	(700, 'PJJJJY72F22V517E'),
	(700, 'AOZDOS40J61Z599K'),
	(700, 'BXUMQW54E66K020J'),
	(700, 'JFPYUG81C64M351X'),
	(700, 'SVVZGT69A78N465Q'),
	(700, 'CQBRSZ33B55J432D'),
	(700, 'NQIHEZ50U90H229L'),
	(700, 'OKJDKE97C93H492W'),
	(700, 'DIHDFM02V44Z910H'),
	(700, 'AFCLCW22Z02F362J'),
	(700, 'WZFRIU67K80Z050D'),
	(700, 'FTZUCG23Z67L413J'),
	(700, 'MPZROG24I74N151S'),
	(700, 'DIEQVS99Z81U092J'),
	(700, 'URIZLT80N33R070Y'),
	(700, 'QKEUZV45B87S193P'),
	(700, 'TBXZOH82E70F819P'),
	(700, 'EPQUUS24M55U586T'),
	(700, 'OKOWMG99W27B336Y'),
	(700, 'FZYIZT43L29R816N'),
	(700, 'TYWZIS87Z46E155B'),
	(700, 'CPZGOX92W55R634A'),
	(700, 'PAVLXJ68M88G891R'),
	(700, 'ZNWOCQ02K45T351J'),
	(710, 'LCSSLB82K07W738K'),
	(710, 'CRTELM03I78U973V'),
	(710, 'GSUKKX83D99T933N'),
	(710, 'GSODKF52Q79J146F'),
	(710, 'PFSZCZ89B67G251S'),
	(710, 'HJAXHW79O66V204S'),
	(710, 'FJZMGJ64N58U909W'),
	(710, 'ZXTXIT88L92J699V'),
	(710, 'TBXZOH82E70F819P'),
	(710, 'CRTELM03I78U973V'),
	(710, 'OEICRO17Y45Y955D'),
	(710, 'FZYIZT43L29R816N'),
	(710, 'VUVXIA94R68J392R'),
	(710, 'QVBPUH43D17M505X'),
	(710, 'UXKOTD97E55L578D'),
	(710, 'DRWNBO41U54W681O'),
	(710, 'OKOWMG99W27B336Y'),
	(710, 'UMIHVS98B02M803N'),
	(710, 'HKFHRG75Y14C209A'),
	(710, 'PJANPY63Y82W321N'),
	(710, 'RJTEHX70E64H813F'),
	(710, 'BSDIGA33S44F574I'),
	(710, 'UAIQAH29X91Y254N'),
	(710, 'GKXQEO12G85E414C'),
	(710, 'ZINMEA60S84U503K'),
	(710, 'PDVANF94E04O348K'),
	(710, 'IWSNKZ87T42T901C'),
	(710, 'GUTRRM05V65I471K'),
	(710, 'PJANPY63Y82W321N'),
	(710, 'OIERKJ04M22W495L'),
	(710, 'BXUMQW54E66K020J'),
	(710, 'CQBRSZ33B55J432D'),
	(710, 'MZKPLY91G82X226G'),
	(710, 'LCSSLB82K07W738K'),
	(710, 'BADTSS96B80Y712H'),
	(710, 'BSRZSP35I62U346C'),
	(710, 'FTZUCG23Z67L413J'),
	(710, 'BSDIGA33S44F574I'),
	(710, 'EFPCWP42J08O567B'),
	(710, 'FJTPJG35T42X800K'),
	(710, 'TTQGBS35D82A338S'),
	(710, 'VETDUZ73X56K305L'),
	(710, 'MPFOGV51O71N203Y'),
	(710, 'FSYFZQ05T16K383F'),
	(710, 'WNWEDS81P07G121A'),
	(710, 'ANRYMC87A14O149N'),
	(710, 'WXZFUC62C69U420N'),
	(710, 'BXLDEV64R23F850I'),
	(710, 'NXPDHF06G04T929Z'),
	(710, 'FTZUCG23Z67L413J'),
	(710, 'SFUDKA52Z20F536J'),
	(710, 'VETDUZ73X56K305L'),
	(710, 'OEICRO17Y45Y955D'),
	(710, 'MPFOGV51O71N203Y'),
	(710, 'TEBSGN67P86N048I'),
	(710, 'QKEUZV45B87S193P'),
	(710, 'INJTXK08I21Q383G'),
	(710, 'UNLOFV17Z72C061S'),
	(710, 'HNSWWR08U32I393Y'),
	(711, 'MPFOGV51O71N203Y'),
	(711, 'GSUKKX83D99T933N'),
	(711, 'KUJNYJ89Q70W122U'),
	(711, 'PJANPY63Y82W321N'),
	(711, 'OMFLLZ32U12K296N'),
	(711, 'HKFHRG75Y14C209A'),
	(711, 'SVVZGT69A78N465Q'),
	(711, 'QRIKGC82U99E075V'),
	(711, 'CJRWOS59E43S947J'),
	(711, 'GSODKF52Q79J146F'),
	(711, 'TQOMBT73D10O537I'),
	(711, 'WETDCF27X03E199L'),
	(711, 'XKMNCD84J32I697Z'),
	(711, 'TQOMBT73D10O537I'),
	(711, 'BXUMQW54E66K020J'),
	(711, 'PVAURT63M65R625C'),
	(711, 'ACNCZY45X38I793C'),
	(711, 'MWCZZR57R80B899O'),
	(711, 'BXLDEV64R23F850I'),
	(711, 'EZQCAB88M99Q488E'),
	(711, 'AMWZEY46X20K485B'),
	(711, 'IPZTZK21U52F309R'),
	(711, 'UAIQAH29X91Y254N'),
	(711, 'AMTBQC45M52C400Q'),
	(711, 'MKIGKK85F60Z902C'),
	(711, 'YEDGZK87F05Q016W'),
	(711, 'AMTBQC45M52C400Q'),
	(711, 'YEDGZK87F05Q016W'),
	(711, 'HMLXEZ35F14T532L'),
	(711, 'JMUSKI16S32F908B'),
	(711, 'QFGPEN86A70J090Q'),
	(711, 'FXRNXS07S51O975V'),
	(711, 'BXUMQW54E66K020J'),
	(711, 'PJJJJY72F22V517E'),
	(711, 'VNJBTI04Q19G634V'),
	(711, 'NOAUUU95T61N042C'),
	(711, 'KUJNYJ89Q70W122U'),
	(711, 'UXKOTD97E55L578D'),
	(711, 'LUOPCG95S31N907C'),
	(711, 'LHFVQH78Z66H669M'),
	(711, 'OYAHEF81M30W237F'),
	(711, 'NOAUUU95T61N042C'),
	(719, 'IPZTZK21U52F309R'),
	(719, 'GUTRRM05V65I471K'),
	(719, 'OKJDKE97C93H492W'),
	(719, 'UAIQAH29X91Y254N'),
	(719, 'ERXPPW88E58L155Q'),
	(719, 'RMDJZM34Z55D892O'),
	(719, 'XZGIGS27H67V477P'),
	(719, 'FRAKOC90T28K005U'),
	(719, 'SNLGHM96N81Z900P'),
	(719, 'PDVANF94E04O348K'),
	(719, 'VNJIGP43W10L504I'),
	(719, 'CRTELM03I78U973V'),
	(719, 'TBXZOH82E70F819P'),
	(719, 'SBCZCR89D44T109X'),
	(719, 'AMTBQC45M52C400Q'),
	(719, 'ANRYMC87A14O149N'),
	(719, 'AFKIWW94S77T163B'),
	(719, 'AJQJLS56M07J753M'),
	(719, 'ZWWKHN19G87U931O'),
	(719, 'OIKPQU44W63N339Q'),
	(719, 'YEDDFT28T74M903N'),
	(719, 'AIEVGN44I74X492I'),
	(719, 'HLOVUL79R56Z165M'),
	(719, 'AMTBQC45M52C400Q'),
	(719, 'AMWZEY46X20K485B'),
	(719, 'HMLXEZ35F14T532L'),
	(719, 'ZJDGXE58R79E725K'),
	(719, 'ORQVWO77Y86Y948D'),
	(719, 'IKKIGU30K80W872U'),
	(719, 'HIBETE99S52J688U'),
	(719, 'VETDUZ73X56K305L'),
	(719, 'UXKOTD97E55L578D'),
	(719, 'HIBETE99S52J688U'),
	(719, 'ZXTXIT88L92J699V'),
	(719, 'GFLPZM21W42D576H'),
	(719, 'YQELJK33K33N984S'),
	(719, 'NOAUUU95T61N042C'),
	(719, 'ODFBOM50I89S383O'),
	(719, 'ACNCZY45X38I793C'),
	(719, 'QVBPUH43D17M505X'),
	(719, 'RXBZXW01O95S065X'),
	(719, 'ZJDGXE58R79E725K'),
	(719, 'FJZMGJ64N58U909W'),
	(719, 'PIBGIC97O60F916U'),
	(719, 'TTQGBS35D82A338S'),
	(719, 'AMWZEY46X20K485B'),
	(719, 'CYCSGW22E82G055S'),
	(719, 'BXUMQW54E66K020J'),
	(719, 'FXRNXS07S51O975V'),
	(719, 'PDVANF94E04O348K'),
	(719, 'LHFVQH78Z66H669M'),
	(719, 'KACTCK80Z15K017D'),
	(719, 'CTQPOF53B48I476X'),
	(719, 'RMDJZM34Z55D892O'),
	(719, 'ABRBAK53R70D887T'),
	(719, 'VQUXZY80D23L085F'),
	(719, 'XZGIGS27H67V477P'),
	(719, 'IGWTIV89I11A167I'),
	(719, 'PJJJJY72F22V517E'),
	(719, 'TYFCMX34C99W419U'),
	(719, 'CQBRSZ33B55J432D'),
	(685, 'HLOVUL79R56Z165M'),
	(685, 'OMFLLZ32U12K296N'),
	(685, 'DIEQVS99Z81U092J'),
	(685, 'UAIQAH29X91Y254N'),
	(685, 'KLWKXR65E26Y719U'),
	(685, 'LMFNLD52F75Z670K'),
	(685, 'GFLPZM21W42D576H'),
	(685, 'MKIGKK85F60Z902C'),
	(685, 'PJANPY63Y82W321N'),
	(685, 'OMFLLZ32U12K296N'),
	(685, 'FXPEJP85M05Z429Y'),
	(685, 'WNWEDS81P07G121A'),
	(685, 'CJRWOS59E43S947J'),
	(685, 'MCZZEI10X58A139Z'),
	(685, 'HIBETE99S52J688U'),
	(685, 'DIEQVS99Z81U092J'),
	(685, 'UNLOFV17Z72C061S'),
	(685, 'PDVANF94E04O348K'),
	(685, 'MZKPLY91G82X226G'),
	(685, 'HAQZYO62I08V198R'),
	(685, 'ODFBOM50I89S383O'),
	(685, 'EPQUUS24M55U586T'),
	(685, 'VNJBTI04Q19G634V'),
	(685, 'FSYFZQ05T16K383F'),
	(685, 'ANRYMC87A14O149N'),
	(685, 'RZMXHF87E76B749L'),
	(685, 'CQBRSZ33B55J432D'),
	(685, 'RMDJZM34Z55D892O'),
	(685, 'XGFLGV04I07H097Z'),
	(685, 'EFPCWP42J08O567B'),
	(685, 'WZTFXI03E76N263P'),
	(685, 'PEGNWZ95Q16X184L'),
	(685, 'HNSWWR08U32I393Y'),
	(685, 'SFUDKA52Z20F536J'),
	(685, 'KLWKXR65E26Y719U'),
	(685, 'EBQWWQ72N76K419P'),
	(685, 'JCJXIW27C64O157P'),
	(685, 'OKOWMG99W27B336Y'),
	(685, 'OIKPQU44W63N339Q'),
	(685, 'GSUKKX83D99T933N'),
	(685, 'GDKWJG83L47B021Y'),
	(685, 'SXZLPF13V53G737U'),
	(685, 'UFDBMC22M12X575H'),
	(685, 'ZJDGXE58R79E725K'),
	(685, 'SNXTNF57Y98S239V'),
	(685, 'HLOVUL79R56Z165M'),
	(685, 'OMFLLZ32U12K296N'),
	(685, 'HMLXEZ35F14T532L'),
	(685, 'FXPEJP85M05Z429Y'),
	(685, 'ERXPPW88E58L155Q'),
	(685, 'RMDJZM34Z55D892O'),
	(685, 'SXZLPF13V53G737U'),
	(685, 'FSYFZQ05T16K383F'),
	(685, 'TNMMNU69Q38K304K'),
	(685, 'KGGALM00L79V027Y'),
	(685, 'CRTELM03I78U973V'),
	(685, 'HNSWWR08U32I393Y'),
	(685, 'JMUSKI16S32F908B'),
	(685, 'IGWTIV89I11A167I'),
	(685, 'LHFVQH78Z66H669M'),
	(685, 'RXBZXW01O95S065X'),
	(685, 'AUPTZX75E21Y698F'),
	(685, 'TTQGBS35D82A338S'),
	(685, 'MPFOGV51O71N203Y'),
	(685, 'WIYPHE01J01W518Y'),
	(685, 'UFDBMC22M12X575H'),
	(685, 'HAQZYO62I08V198R'),
	(685, 'KACTCK80Z15K017D'),
	(685, 'WZFRIU67K80Z050D'),
	(685, 'HYTYOC55C92X967F'),
	(685, 'QQRFLF61I22G815E'),
	(686, 'HIBETE99S52J688U'),
	(686, 'NOCIJU71Z27G599J'),
	(686, 'KACTCK80Z15K017D'),
	(686, 'CQBRSZ33B55J432D'),
	(686, 'KACTCK80Z15K017D'),
	(686, 'OMFLLZ32U12K296N'),
	(686, 'YMVPPS88P64Z371B'),
	(686, 'UAIQAH29X91Y254N'),
	(686, 'CYCSGW22E82G055S'),
	(686, 'YWTZEE28H83I988S'),
	(686, 'OEICRO17Y45Y955D'),
	(686, 'AIEVGN44I74X492I'),
	(686, 'INJTXK08I21Q383G'),
	(686, 'EZQCAB88M99Q488E'),
	(686, 'FZYIZT43L29R816N'),
	(686, 'OYAHEF81M30W237F'),
	(686, 'OKJDKE97C93H492W'),
	(686, 'MPFOGV51O71N203Y'),
	(686, 'RWSDKA85C96N935A'),
	(686, 'FXPEJP85M05Z429Y'),
	(686, 'TTQGBS35D82A338S'),
	(686, 'OIERKJ04M22W495L'),
	(686, 'LMFNLD52F75Z670K'),
	(686, 'HKFHRG75Y14C209A'),
	(686, 'MWCZZR57R80B899O'),
	(686, 'LUOPCG95S31N907C'),
	(691, 'VNJIGP43W10L504I'),
	(691, 'RJTEHX70E64H813F'),
	(691, 'FRAKOC90T28K005U'),
	(691, 'UNLOFV17Z72C061S'),
	(691, 'QVBPUH43D17M505X'),
	(691, 'BSRZSP35I62U346C'),
	(691, 'JFPYUG81C64M351X'),
	(691, 'PDVANF94E04O348K'),
	(691, 'VVITXU29Q14Z877L'),
	(691, 'PJANPY63Y82W321N'),
	(691, 'MCZZEI10X58A139Z'),
	(691, 'PEGNWZ95Q16X184L'),
	(691, 'NXCJGB59S74L521A'),
	(691, 'RJTEHX70E64H813F'),
	(691, 'YGUSCZ78A62D145W'),
	(691, 'FEVVNQ05P39L775J'),
	(691, 'MKDMPW68X18X526N'),
	(691, 'NOAUUU95T61N042C'),
	(691, 'HJAXHW79O66V204S'),
	(691, 'GUTRRM05V65I471K'),
	(691, 'FZYIZT43L29R816N'),
	(691, 'XKMNCD84J32I697Z'),
	(691, 'CYCSGW22E82G055S'),
	(691, 'YEDGZK87F05Q016W'),
	(691, 'URIZLT80N33R070Y'),
	(691, 'OMFLLZ32U12K296N'),
	(691, 'TEBSGN67P86N048I'),
	(691, 'GSODKF52Q79J146F'),
	(691, 'WXZFUC62C69U420N'),
	(691, 'VQUXZY80D23L085F'),
	(691, 'UAWLPA37B77W581L'),
	(691, 'NOCIJU71Z27G599J'),
	(691, 'QKEUZV45B87S193P'),
	(691, 'QISWRD17C05D102O'),
	(691, 'TELAHN26K91G621F'),
	(691, 'MKDMPW68X18X526N'),
	(691, 'IBJGHX86V61M241E'),
	(691, 'MPZROG24I74N151S'),
	(691, 'FXPEJP85M05Z429Y'),
	(691, 'HKAKIX77G56M068K'),
	(691, 'HAQZYO62I08V198R'),
	(691, 'XZGIGS27H67V477P'),
	(691, 'SXZLPF13V53G737U'),
	(691, 'AUMNCM18X04O772I'),
	(691, 'LEQXMH35X84R190L'),
	(691, 'ZINMEA60S84U503K'),
	(691, 'ZOIHEV75J70E000A'),
	(691, 'SBCZCR89D44T109X'),
	(691, 'VVITXU29Q14Z877L'),
	(691, 'ZWWKHN19G87U931O'),
	(691, 'RXBZXW01O95S065X'),
	(691, 'TEBSGN67P86N048I'),
	(691, 'OUJWKH69L34J200B'),
	(691, 'XYGNWB69C96U044D'),
	(691, 'ORQVWO77Y86Y948D'),
	(691, 'DIHDFM02V44Z910H'),
	(691, 'OYAHEF81M30W237F'),
	(691, 'YRGRID44G71K419N'),
	(691, 'INJTXK08I21Q383G'),
	(691, 'NOAUUU95T61N042C'),
	(691, 'WETDCF27X03E199L'),
	(717, 'GUTRRM05V65I471K'),
	(717, 'FSYFZQ05T16K383F'),
	(717, 'XKMNCD84J32I697Z'),
	(717, 'EYXTDG50U32Q553T'),
	(717, 'UXKOTD97E55L578D'),
	(717, 'MKDMPW68X18X526N'),
	(717, 'SFUDKA52Z20F536J'),
	(717, 'PFSZCZ89B67G251S'),
	(717, 'SNLGHM96N81Z900P'),
	(717, 'PFSZCZ89B67G251S'),
	(717, 'LUOPCG95S31N907C'),
	(717, 'EJDRLM98P69U647J'),
	(717, 'NOAUUU95T61N042C'),
	(717, 'SNZOUN56E28B783E'),
	(717, 'OXPBKL22D39C789P'),
	(717, 'PFSZCZ89B67G251S'),
	(717, 'AJQJLS56M07J753M'),
	(717, 'OKOWMG99W27B336Y'),
	(717, 'MZKPLY91G82X226G'),
	(717, 'OUJWKH69L34J200B'),
	(717, 'ZINMEA60S84U503K'),
	(717, 'PFSZCZ89B67G251S'),
	(717, 'MZKPLY91G82X226G'),
	(717, 'MQMEDD18A47S046C'),
	(717, 'NXPDHF06G04T929Z'),
	(717, 'LUOPCG95S31N907C'),
	(717, 'QKEUZV45B87S193P'),
	(717, 'UMIHVS98B02M803N'),
	(717, 'SVVZGT69A78N465Q'),
	(717, 'HAQZYO62I08V198R'),
	(717, 'WZFRIU67K80Z050D'),
	(717, 'MCZZEI10X58A139Z'),
	(717, 'MKDMPW68X18X526N'),
	(717, 'CPZGOX92W55R634A'),
	(717, 'ZXTXIT88L92J699V'),
	(717, 'JCJXIW27C64O157P'),
	(717, 'PAVLXJ68M88G891R'),
	(717, 'PVXDUP73N32L516P'),
	(717, 'ACNCZY45X38I793C'),
	(717, 'ACNCZY45X38I793C'),
	(717, 'YWTZEE28H83I988S'),
	(717, 'SVVZGT69A78N465Q'),
	(717, 'NXCJGB59S74L521A'),
	(717, 'HKFHRG75Y14C209A'),
	(717, 'XTSAJE48T70F647U'),
	(717, 'FJZMGJ64N58U909W'),
	(695, 'NOAUUU95T61N042C'),
	(695, 'FJTPJG35T42X800K'),
	(695, 'PAVLXJ68M88G891R'),
	(695, 'CPZGOX92W55R634A'),
	(695, 'SNLGHM96N81Z900P'),
	(695, 'DRWNBO41U54W681O'),
	(695, 'CTQPOF53B48I476X'),
	(695, 'GWDMCR67P92N206Y'),
	(695, 'DRWNBO41U54W681O'),
	(695, 'SNZOUN56E28B783E'),
	(695, 'WOKVOS23M86W827Z'),
	(695, 'UBFGVB53N01X584O'),
	(695, 'HLOVUL79R56Z165M'),
	(695, 'KGGALM00L79V027Y'),
	(695, 'WETDCF27X03E199L'),
	(695, 'OMNXHO82S27R749I'),
	(695, 'MPFOGV51O71N203Y'),
	(695, 'GSUKKX83D99T933N'),
	(695, 'IWSNKZ87T42T901C'),
	(695, 'AJQJLS56M07J753M'),
	(695, 'PJJJJY72F22V517E'),
	(695, 'RMDJZM34Z55D892O'),
	(695, 'OMNXHO82S27R749I'),
	(695, 'HLOVUL79R56Z165M'),
	(695, 'CQBRSZ33B55J432D'),
	(695, 'RXBZXW01O95S065X'),
	(695, 'QVBPUH43D17M505X'),
	(695, 'AFKIWW94S77T163B'),
	(695, 'SVVZGT69A78N465Q'),
	(695, 'BADTSS96B80Y712H'),
	(695, 'MPFOGV51O71N203Y'),
	(695, 'TMWIBA75N14Y647K'),
	(695, 'ETPKNY60D30A297C'),
	(695, 'WXZFUC62C69U420N'),
	(695, 'BADTSS96B80Y712H'),
	(695, 'TTQGBS35D82A338S'),
	(695, 'RJTEHX70E64H813F'),
	(695, 'RZMXHF87E76B749L'),
	(695, 'TBXZOH82E70F819P'),
	(695, 'HJAXHW79O66V204S'),
	(695, 'TELAHN26K91G621F'),
	(695, 'VNJIGP43W10L504I'),
	(695, 'QFGPEN86A70J090Q'),
	(695, 'NXPDHF06G04T929Z'),
	(695, 'WNWEDS81P07G121A'),
	(695, 'NQIHEZ50U90H229L'),
	(695, 'UAWLPA37B77W581L'),
	(695, 'ZJDGXE58R79E725K'),
	(684, 'ZINMEA60S84U503K'),
	(684, 'IBKYQY32J05R774N'),
	(684, 'ACNCZY45X38I793C'),
	(684, 'AIEVGN44I74X492I'),
	(684, 'WZTFXI03E76N263P'),
	(684, 'QISWRD17C05D102O'),
	(684, 'TEBSGN67P86N048I'),
	(684, 'OIERKJ04M22W495L'),
	(684, 'HKAKIX77G56M068K'),
	(684, 'GWDMCR67P92N206Y'),
	(684, 'CPZGOX92W55R634A'),
	(684, 'DRWNBO41U54W681O'),
	(684, 'HYTYOC55C92X967F'),
	(684, 'BSRZSP35I62U346C'),
	(684, 'UAWLPA37B77W581L'),
	(684, 'GSODKF52Q79J146F'),
	(684, 'PAVLXJ68M88G891R'),
	(684, 'JMUSKI16S32F908B'),
	(684, 'FRAKOC90T28K005U'),
	(684, 'BXLDEV64R23F850I'),
	(684, 'URIZLT80N33R070Y'),
	(684, 'FXPEJP85M05Z429Y'),
	(684, 'ZNWOCQ02K45T351J'),
	(684, 'PIBGIC97O60F916U'),
	(684, 'VLNVVS97W01P636W'),
	(684, 'XZGIGS27H67V477P'),
	(684, 'HMLXEZ35F14T532L'),
	(684, 'DRWNBO41U54W681O'),
	(684, 'BSRZSP35I62U346C'),
	(684, 'RMDJZM34Z55D892O'),
	(684, 'QISWRD17C05D102O'),
	(684, 'QFGPEN86A70J090Q'),
	(684, 'SVVZGT69A78N465Q'),
	(684, 'ZINMEA60S84U503K'),
	(684, 'VLNVVS97W01P636W'),
	(684, 'SNLGHM96N81Z900P'),
	(684, 'FTZUCG23Z67L413J'),
	(684, 'BSDIGA33S44F574I'),
	(684, 'SNZOUN56E28B783E'),
	(684, 'GSUKKX83D99T933N'),
	(684, 'MPZROG24I74N151S'),
	(684, 'TYWZIS87Z46E155B'),
	(684, 'OMNXHO82S27R749I'),
	(684, 'CPQHVR51M18L075S'),
	(684, 'GKXQEO12G85E414C'),
	(684, 'KGGALM00L79V027Y'),
	(684, 'ETPKNY60D30A297C'),
	(684, 'OIKPQU44W63N339Q'),
	(684, 'NOCIJU71Z27G599J'),
	(684, 'MZKPLY91G82X226G'),
	(684, 'LHFVQH78Z66H669M'),
	(684, 'YYBIVS32W60P363A'),
	(684, 'PDVANF94E04O348K'),
	(684, 'SNZOUN56E28B783E'),
	(684, 'NXCJGB59S74L521A'),
	(684, 'XGFLGV04I07H097Z'),
	(689, 'BSDIGA33S44F574I'),
	(689, 'MKDMPW68X18X526N'),
	(689, 'WNWEDS81P07G121A'),
	(689, 'WZFRIU67K80Z050D'),
	(689, 'FXRNXS07S51O975V'),
	(689, 'VQUXZY80D23L085F'),
	(689, 'ZNWOCQ02K45T351J'),
	(689, 'IBJGHX86V61M241E'),
	(689, 'BADTSS96B80Y712H'),
	(689, 'BSDIGA33S44F574I'),
	(689, 'FBEZOF66R67M619Y'),
	(689, 'BADTSS96B80Y712H'),
	(689, 'JCJXIW27C64O157P'),
	(689, 'XKMNCD84J32I697Z'),
	(689, 'UIQYXQ93S30U602K'),
	(689, 'ERXPPW88E58L155Q'),
	(689, 'URIZLT80N33R070Y'),
	(689, 'AOZDOS40J61Z599K'),
	(689, 'NQIHEZ50U90H229L'),
	(713, 'AUMNCM18X04O772I'),
	(713, 'CYCSGW22E82G055S'),
	(713, 'FXRNXS07S51O975V'),
	(713, 'HAQZYO62I08V198R'),
	(713, 'XYGNWB69C96U044D'),
	(713, 'GSUKKX83D99T933N'),
	(713, 'VMFXQK81J71F406D'),
	(713, 'FXRNXS07S51O975V'),
	(713, 'MCZZEI10X58A139Z'),
	(713, 'EYXTDG50U32Q553T'),
	(713, 'MPZROG24I74N151S'),
	(713, 'BADTSS96B80Y712H'),
	(713, 'JCJXIW27C64O157P'),
	(713, 'JFPYUG81C64M351X'),
	(713, 'HLOVUL79R56Z165M'),
	(713, 'YYBIVS32W60P363A'),
	(713, 'GSODKF52Q79J146F'),
	(713, 'AIEVGN44I74X492I'),
	(713, 'OIERKJ04M22W495L'),
	(713, 'VETDUZ73X56K305L'),
	(713, 'KLWKXR65E26Y719U'),
	(713, 'AJQJLS56M07J753M'),
	(713, 'NOAUUU95T61N042C'),
	(713, 'FEVVNQ05P39L775J'),
	(713, 'OOOIIX69H53P278A'),
	(713, 'IVBCIL23S54K284Q'),
	(713, 'AMTBQC45M52C400Q'),
	(713, 'RWSDKA85C96N935A'),
	(713, 'RMDJZM34Z55D892O'),
	(713, 'HAQZYO62I08V198R'),
	(713, 'ODFBOM50I89S383O'),
	(713, 'CQBRSZ33B55J432D'),
	(713, 'XTSAJE48T70F647U'),
	(713, 'PFSZCZ89B67G251S'),
	(713, 'TWYKJM89I20W098X'),
	(713, 'YEDDFT28T74M903N'),
	(713, 'GWDMCR67P92N206Y'),
	(713, 'HIBETE99S52J688U'),
	(713, 'AFCLCW22Z02F362J'),
	(713, 'UMIHVS98B02M803N'),
	(713, 'GUTRRM05V65I471K'),
	(713, 'PAVLXJ68M88G891R'),
	(713, 'OIERKJ04M22W495L'),
	(713, 'JCJXIW27C64O157P'),
	(713, 'VVITXU29Q14Z877L'),
	(713, 'LUOPCG95S31N907C'),
	(713, 'HIBETE99S52J688U'),
	(713, 'UBFGVB53N01X584O'),
	(713, 'OUJWKH69L34J200B'),
	(713, 'CQBRSZ33B55J432D'),
	(713, 'PVXDUP73N32L516P'),
	(713, 'MMRDCZ43P66U748R'),
	(713, 'MAULEE40Q51U339O'),
	(713, 'VVITXU29Q14Z877L'),
	(713, 'GSUKKX83D99T933N'),
	(713, 'GDKWJG83L47B021Y'),
	(713, 'EYXTDG50U32Q553T'),
	(713, 'XKMNCD84J32I697Z'),
	(713, 'CYCSGW22E82G055S'),
	(713, 'XYGNWB69C96U044D'),
	(713, 'MKIGKK85F60Z902C'),
	(713, 'IBKYQY32J05R774N'),
	(713, 'YEDGZK87F05Q016W'),
	(713, 'QRIKGC82U99E075V'),
	(713, 'SFRIHY31R29A967R'),
	(713, 'INJTXK08I21Q383G'),
	(713, 'NXPDHF06G04T929Z'),
	(713, 'TEBSGN67P86N048I'),
	(713, 'FSYFZQ05T16K383F'),
	(713, 'SNLGHM96N81Z900P'),
	(713, 'JCJXIW27C64O157P'),
	(713, 'SVVZGT69A78N465Q'),
	(708, 'VUVXIA94R68J392R'),
	(708, 'FBEZOF66R67M619Y'),
	(708, 'HMLXEZ35F14T532L'),
	(708, 'GSUKKX83D99T933N'),
	(708, 'CYCSGW22E82G055S'),
	(708, 'GFLPZM21W42D576H'),
	(708, 'BXUMQW54E66K020J'),
	(708, 'GWDMCR67P92N206Y'),
	(708, 'CRTELM03I78U973V'),
	(708, 'OIKPQU44W63N339Q'),
	(708, 'URIZLT80N33R070Y'),
	(708, 'FZYIZT43L29R816N'),
	(708, 'UFDBMC22M12X575H'),
	(708, 'UIQYXQ93S30U602K'),
	(708, 'MCZZEI10X58A139Z'),
	(708, 'BSDIGA33S44F574I'),
	(708, 'SFUDKA52Z20F536J'),
	(708, 'AMWZEY46X20K485B'),
	(708, 'FZYIZT43L29R816N'),
	(708, 'UNLOFV17Z72C061S'),
	(708, 'TMWIBA75N14Y647K'),
	(708, 'OOOIIX69H53P278A'),
	(708, 'OXPBKL22D39C789P'),
	(708, 'FEVVNQ05P39L775J'),
	(708, 'ZNWOCQ02K45T351J'),
	(708, 'CRTELM03I78U973V'),
	(708, 'LQGBZM63G26Z012A'),
	(708, 'VUVXIA94R68J392R'),
	(708, 'PFSZCZ89B67G251S'),
	(708, 'OYAHEF81M30W237F'),
	(708, 'TQOMBT73D10O537I'),
	(708, 'EZQCAB88M99Q488E'),
	(708, 'JFPYUG81C64M351X'),
	(708, 'TQOMBT73D10O537I'),
	(708, 'MQMEDD18A47S046C'),
	(708, 'ZOIHEV75J70E000A'),
	(708, 'TNMMNU69Q38K304K'),
	(708, 'UAIQAH29X91Y254N'),
	(708, 'LHFVQH78Z66H669M'),
	(708, 'IPZTZK21U52F309R'),
	(708, 'AUPTZX75E21Y698F'),
	(708, 'UAWLPA37B77W581L'),
	(709, 'IWSNKZ87T42T901C'),
	(709, 'PDVANF94E04O348K'),
	(709, 'MWCZZR57R80B899O'),
	(709, 'INJTXK08I21Q383G'),
	(709, 'QISWRD17C05D102O'),
	(709, 'PFSZCZ89B67G251S'),
	(709, 'HKFHRG75Y14C209A'),
	(709, 'TWYKJM89I20W098X'),
	(709, 'VUVXIA94R68J392R'),
	(709, 'PIBGIC97O60F916U'),
	(709, 'ONAPQT01E54N539S'),
	(709, 'DIHDFM02V44Z910H'),
	(709, 'HYTYOC55C92X967F'),
	(709, 'FZYIZT43L29R816N'),
	(709, 'VNJBTI04Q19G634V'),
	(709, 'KGGALM00L79V027Y'),
	(709, 'PJJJJY72F22V517E'),
	(709, 'PFSZCZ89B67G251S'),
	(709, 'UMIHVS98B02M803N'),
	(709, 'CJRWOS59E43S947J'),
	(709, 'HYTYOC55C92X967F'),
	(709, 'NOAUUU95T61N042C'),
	(709, 'UMIHVS98B02M803N'),
	(709, 'SXZLPF13V53G737U'),
	(709, 'GFLPZM21W42D576H'),
	(709, 'PVAURT63M65R625C'),
	(712, 'IBJGHX86V61M241E'),
	(712, 'HMLXEZ35F14T532L'),
	(712, 'SNLGHM96N81Z900P'),
	(712, 'OMFLLZ32U12K296N'),
	(712, 'VNJBTI04Q19G634V'),
	(712, 'OIERKJ04M22W495L'),
	(712, 'TEBSGN67P86N048I'),
	(712, 'PFSZCZ89B67G251S'),
	(712, 'QKEUZV45B87S193P'),
	(712, 'OKOWMG99W27B336Y'),
	(712, 'FJZMGJ64N58U909W'),
	(712, 'GDKWJG83L47B021Y'),
	(712, 'FXRNXS07S51O975V'),
	(712, 'NOAUUU95T61N042C'),
	(712, 'TWYKJM89I20W098X'),
	(712, 'ONAPQT01E54N539S'),
	(712, 'YEDGZK87F05Q016W'),
	(712, 'LCSSLB82K07W738K'),
	(712, 'FJZMGJ64N58U909W'),
	(712, 'GKXQEO12G85E414C'),
	(712, 'PEGNWZ95Q16X184L'),
	(712, 'TELAHN26K91G621F'),
	(712, 'HKFHRG75Y14C209A'),
	(712, 'UIQYXQ93S30U602K'),
	(712, 'YGUSCZ78A62D145W'),
	(712, 'RZMXHF87E76B749L'),
	(712, 'YQELJK33K33N984S'),
	(712, 'PJJJJY72F22V517E'),
	(712, 'TBXZOH82E70F819P'),
	(712, 'GJQJVO90E95W685Q'),
	(712, 'RWSDKA85C96N935A'),
	(712, 'HKAKIX77G56M068K'),
	(712, 'IWSNKZ87T42T901C'),
	(712, 'JMUSKI16S32F908B'),
	(712, 'SBCZCR89D44T109X'),
	(712, 'DIHDFM02V44Z910H'),
	(712, 'ZNWOCQ02K45T351J'),
	(712, 'LMFNLD52F75Z670K'),
	(712, 'RWSDKA85C96N935A'),
	(712, 'LUOPCG95S31N907C'),
	(712, 'BXUMQW54E66K020J'),
	(712, 'UAIQAH29X91Y254N'),
	(712, 'TBXZOH82E70F819P'),
	(712, 'UMIHVS98B02M803N'),
	(712, 'XKMNCD84J32I697Z'),
	(712, 'SNXTNF57Y98S239V'),
	(712, 'AMTBQC45M52C400Q'),
	(712, 'SNZOUN56E28B783E'),
	(712, 'YWTZEE28H83I988S'),
	(712, 'CPZGOX92W55R634A'),
	(712, 'DSRFHG09R02U816Q'),
	(712, 'CQBRSZ33B55J432D'),
	(712, 'FRAKOC90T28K005U'),
	(712, 'MKNJQV76G86G783F'),
	(712, 'IWSNKZ87T42T901C'),
	(712, 'SFUDKA52Z20F536J'),
	(712, 'XTSAJE48T70F647U'),
	(712, 'ZJDGXE58R79E725K'),
	(712, 'CYCSGW22E82G055S'),
	(712, 'HAQZYO62I08V198R'),
	(712, 'OMFLLZ32U12K296N'),
	(712, 'OXPBKL22D39C789P'),
	(712, 'KGGALM00L79V027Y'),
	(712, 'QVBPUH43D17M505X'),
	(712, 'DIEQVS99Z81U092J'),
	(712, 'IBKYQY32J05R774N'),
	(712, 'CPQHVR51M18L075S'),
	(712, 'AOZDOS40J61Z599K'),
	(712, 'BXLDEV64R23F850I'),
	(712, 'AMTBQC45M52C400Q'),
	(712, 'ORQVWO77Y86Y948D'),
	(712, 'BSDIGA33S44F574I'),
	(712, 'IPZTZK21U52F309R'),
	(712, 'TYFCMX34C99W419U'),
	(712, 'ZJDGXE58R79E725K'),
	(694, 'EZQCAB88M99Q488E'),
	(694, 'AOZDOS40J61Z599K'),
	(694, 'PFSZCZ89B67G251S'),
	(694, 'OYAHEF81M30W237F'),
	(694, 'GJQJVO90E95W685Q'),
	(694, 'FZYIZT43L29R816N'),
	(694, 'HNSWWR08U32I393Y'),
	(694, 'FZYIZT43L29R816N'),
	(694, 'EFPCWP42J08O567B'),
	(694, 'TQOMBT73D10O537I'),
	(694, 'WETDCF27X03E199L'),
	(694, 'MPFOGV51O71N203Y'),
	(694, 'WNWEDS81P07G121A'),
	(694, 'WOKVOS23M86W827Z'),
	(694, 'ETLHNP74E52P762H'),
	(694, 'AUPTZX75E21Y698F'),
	(694, 'TWYKJM89I20W098X'),
	(694, 'FZYIZT43L29R816N'),
	(694, 'WZFRIU67K80Z050D'),
	(694, 'VNJIGP43W10L504I'),
	(694, 'IIYNRE75S69L971E'),
	(694, 'NOCIJU71Z27G599J'),
	(694, 'DSRFHG09R02U816Q'),
	(694, 'WETDCF27X03E199L'),
	(694, 'WXZFUC62C69U420N'),
	(694, 'KLWKXR65E26Y719U'),
	(694, 'WNWEDS81P07G121A'),
	(694, 'YRGRID44G71K419N'),
	(694, 'NOCIJU71Z27G599J'),
	(694, 'PDVANF94E04O348K'),
	(694, 'RXBZXW01O95S065X'),
	(694, 'AMWZEY46X20K485B'),
	(694, 'KLWKXR65E26Y719U'),
	(694, 'IWSNKZ87T42T901C'),
	(694, 'LHFVQH78Z66H669M'),
	(694, 'HKFHRG75Y14C209A'),
	(694, 'GDKWJG83L47B021Y'),
	(694, 'LHFVQH78Z66H669M'),
	(694, 'NXCJGB59S74L521A'),
	(694, 'UBFGVB53N01X584O'),
	(694, 'WOKVOS23M86W827Z'),
	(694, 'QFGPEN86A70J090Q'),
	(694, 'ZINMEA60S84U503K'),
	(699, 'IVBCIL23S54K284Q'),
	(699, 'EJDRLM98P69U647J'),
	(699, 'GUTRRM05V65I471K'),
	(699, 'RXBZXW01O95S065X'),
	(699, 'AUPTZX75E21Y698F'),
	(699, 'VLNVVS97W01P636W'),
	(699, 'OMFLLZ32U12K296N'),
	(699, 'ZINMEA60S84U503K'),
	(699, 'VVITXU29Q14Z877L'),
	(699, 'IKKIGU30K80W872U'),
	(699, 'WIYPHE01J01W518Y'),
	(699, 'UNLOFV17Z72C061S'),
	(699, 'ZJDGXE58R79E725K'),
	(699, 'HKFHRG75Y14C209A'),
	(699, 'JFPYUG81C64M351X'),
	(699, 'GSUKKX83D99T933N'),
	(699, 'IGWTIV89I11A167I'),
	(699, 'HLOVUL79R56Z165M'),
	(699, 'FSYFZQ05T16K383F'),
	(699, 'ZXTXIT88L92J699V'),
	(699, 'UXKOTD97E55L578D'),
	(699, 'SVVZGT69A78N465Q'),
	(699, 'VNJBTI04Q19G634V'),
	(699, 'IVBCIL23S54K284Q'),
	(699, 'UNLOFV17Z72C061S'),
	(699, 'GSUKKX83D99T933N'),
	(699, 'ACNCZY45X38I793C'),
	(699, 'PVAURT63M65R625C'),
	(699, 'HLOVUL79R56Z165M'),
	(699, 'GDKWJG83L47B021Y'),
	(699, 'DIHDFM02V44Z910H'),
	(699, 'QRIKGC82U99E075V'),
	(699, 'AFKIWW94S77T163B'),
	(699, 'PVXDUP73N32L516P'),
	(699, 'BSRZSP35I62U346C'),
	(699, 'FJZMGJ64N58U909W'),
	(699, 'EYXTDG50U32Q553T'),
	(699, 'CTQPOF53B48I476X'),
	(699, 'LEQXMH35X84R190L'),
	(699, 'ZOIHEV75J70E000A'),
	(699, 'PAVLXJ68M88G891R'),
	(699, 'NOCIJU71Z27G599J'),
	(699, 'TYWZIS87Z46E155B'),
	(699, 'WZFRIU67K80Z050D'),
	(699, 'ZNWOCQ02K45T351J'),
	(699, 'NOAUUU95T61N042C'),
	(699, 'WETDCF27X03E199L'),
	(699, 'LEQXMH35X84R190L'),
	(699, 'XYGNWB69C96U044D'),
	(702, 'OKOWMG99W27B336Y'),
	(702, 'HYTYOC55C92X967F'),
	(702, 'RZMXHF87E76B749L'),
	(702, 'RMDJZM34Z55D892O'),
	(702, 'JFPYUG81C64M351X'),
	(702, 'GFLPZM21W42D576H'),
	(702, 'XGFLGV04I07H097Z'),
	(702, 'TNMMNU69Q38K304K'),
	(702, 'JFPYUG81C64M351X'),
	(702, 'FSYFZQ05T16K383F'),
	(702, 'INJTXK08I21Q383G'),
	(702, 'VQUXZY80D23L085F'),
	(702, 'HKFHRG75Y14C209A'),
	(702, 'OMFLLZ32U12K296N'),
	(702, 'WZFRIU67K80Z050D'),
	(702, 'TBXZOH82E70F819P'),
	(702, 'HKAKIX77G56M068K'),
	(702, 'UAWLPA37B77W581L'),
	(702, 'GSUKKX83D99T933N');
/*!40000 ALTER TABLE `seduta_donatore` ENABLE KEYS */;

-- Dump della struttura di tabella digitaldonation.seduta_guest
DROP TABLE IF EXISTS `seduta_guest`;
CREATE TABLE IF NOT EXISTS `seduta_guest` (
  `id_seduta` bigint NOT NULL,
  `codice_fiscale_guest` varchar(255) NOT NULL,
  KEY `FK3cbpo6lvsi85pkr2ec9txkbn6` (`codice_fiscale_guest`),
  KEY `FKhno016rtvn84hf0p0m8u7vrdg` (`id_seduta`),
  CONSTRAINT `FK3cbpo6lvsi85pkr2ec9txkbn6` FOREIGN KEY (`codice_fiscale_guest`) REFERENCES `guest` (`codice_fiscale_guest`),
  CONSTRAINT `FKhno016rtvn84hf0p0m8u7vrdg` FOREIGN KEY (`id_seduta`) REFERENCES `seduta` (`id_seduta`)
) ENGINE=InnoDB DEFAULT CHARSET=utf8mb4 COLLATE=utf8mb4_0900_ai_ci;

-- Dump dei dati della tabella digitaldonation.seduta_guest: ~0 rows (circa)
DELETE FROM `seduta_guest`;
/*!40000 ALTER TABLE `seduta_guest` DISABLE KEYS */;
INSERT INTO `seduta_guest` (`id_seduta`, `codice_fiscale_guest`) VALUES
	(681, 'SXHRUC05F90X119X'),
	(681, 'HFYQWS38B52Y288M'),
	(681, 'GHZUYT19Q60Q940V'),
	(681, 'SIWEVN03S63U815R'),
	(682, 'TYXWZR50O27M217X'),
	(682, 'KRYZUX68E42D528G'),
	(682, 'QHZINE54Y47P850H'),
	(682, 'IPFIRD04O18M052W'),
	(683, 'PVBQUN56A35N483B'),
	(683, 'JRQYUK33E33N806N'),
	(684, 'MLHXUG26Z17B888U'),
	(684, 'KJPSQW52H69F987Q'),
	(684, 'WOCFTM32B22C974S'),
	(684, 'BJANRY99A30M669Y'),
	(684, 'NBBJBO25Q22J121T'),
	(685, 'ALRPCW05I76A575R'),
	(685, 'XYJSMZ17O03F024A'),
	(685, 'NPFJFL18Y67Z364M'),
	(685, 'PVOQHF13U73P271B'),
	(686, 'ZQODHS03V92G972U'),
	(686, 'BGWTSL98L41A247B'),
	(686, 'YGRECR24Z49C818I'),
	(687, 'CUATFB99U99C088H'),
	(687, 'OXGRZR82P19X023F'),
	(687, 'SKLFZM55Z91B790W'),
	(687, 'TJUPMP42T25Q035C'),
	(688, 'WKVXIU36N56Q869S'),
	(688, 'ODMVSU37A37B179Y'),
	(689, 'FCCMEG01B15A168R'),
	(689, 'OCDUEC18E11D430C'),
	(690, 'BLDTSV22J31Z271L'),
	(690, 'BXPDTZ35Q70N390H'),
	(690, 'EVPYQP80T90U289C'),
	(691, 'OYSLVD31P92K703Y'),
	(692, 'SSSKAP08H42Q803M'),
	(693, 'PQJKQL99N37F236Z'),
	(693, 'KIVZJV68R21B661Q'),
	(693, 'WYDEZD80R93G172Y'),
	(693, 'IKSIVY45V65E614E'),
	(693, 'XOCTHA51M46K648K'),
	(694, 'OGDZJJ52R61R548T'),
	(694, 'XFTCDD93D36G204P'),
	(694, 'MHIHFG47M42E541B'),
	(694, 'FPWSQN30K61N445X'),
	(695, 'THWGHH69S63P006X'),
	(696, 'OKCIJR17L07F781K'),
	(697, 'PBNUBQ72O32Z829D'),
	(698, 'GYHNRZ05B93T775C'),
	(699, 'DUEXBM60U00S442R'),
	(699, 'FTULCF62L84U524M'),
	(700, 'GQOAIO83E41R919L'),
	(702, 'MLHXUG26Z17B888U'),
	(702, 'NCCXBH22U81K863P'),
	(702, 'TDPDAT49Q95N257Q'),
	(703, 'DZLHFO50B51J553X'),
	(704, 'GQBUSD05D02Y907P'),
	(704, 'LYMLFV66A49Q698B'),
	(704, 'WEKNYP38S40O510C'),
	(705, 'HFMKAL18V18M243Y'),
	(705, 'TTLKVV91R27D324E'),
	(705, 'CGXXST64E46R693X'),
	(706, 'PKLITL12P73Y152Y'),
	(706, 'DZLHFO50B51J553X'),
	(706, 'DKNVVC12M57C174V'),
	(706, 'TDUXUB44D77D982R'),
	(707, 'AYEVFX07N27I662Q'),
	(707, 'QOJNTJ56N85R259F'),
	(707, 'AHVLJG07Y77O594Y'),
	(707, 'NPYBET09G67E259V'),
	(708, 'IBQLBF10O63G953T'),
	(708, 'AUOZWO78F84W141Z'),
	(708, 'SXHRUC05F90X119X'),
	(708, 'HRDSBF88Q08K481Z'),
	(709, 'TLAQUL21M13J629Q'),
	(709, 'BJANRY99A30M669Y'),
	(709, 'FDBYRY65B07Z990A'),
	(709, 'TJUPMP42T25Q035C'),
	(710, 'UXDGEY84R16Y166B'),
	(710, 'NPFJFL18Y67Z364M'),
	(710, 'EUYNWK14W12S845B'),
	(710, 'TPSZAT00J61U344H'),
	(711, 'MSGNUN98M36I043H'),
	(711, 'KJPSQW52H69F987Q'),
	(711, 'HGFUPM62F49C849P'),
	(711, 'RZQPWA04C12S404B'),
	(712, 'BLDTSV22J31Z271L'),
	(712, 'VCAMUF57U61U085S'),
	(712, 'HRDSBF88Q08K481Z'),
	(713, 'QTKLGB07M86P142Z'),
	(713, 'QJFYXV15B47N557R'),
	(714, 'HYZAUL29Q93T583F'),
	(714, 'DLFHAV31D89M343A'),
	(714, 'IPFIRD04O18M052W'),
	(715, 'HXWIVX09R78A231B'),
	(717, 'PRTULV12W88K851K'),
	(717, 'EUYNWK14W12S845B'),
	(717, 'IKSIVY45V65E614E'),
	(718, 'LGGVNP69J15Y945U'),
	(718, 'CMVVJF08Z32W540F'),
	(719, 'IPARNJ93P18D010V'),
	(719, 'VZEMGW51R62Y363R'),
	(719, 'BDVDPL16R67J793U'),
	(719, 'DUEXBM60U00S442R'),
	(719, 'KENREC26O89J046W'),
	(720, 'IYXABX83V07B376Z'),
	(720, 'FQPZBV52A02K037H');
/*!40000 ALTER TABLE `seduta_guest` ENABLE KEYS */;

-- Dump della struttura di tabella digitaldonation.tesserino
DROP TABLE IF EXISTS `tesserino`;
CREATE TABLE IF NOT EXISTS `tesserino` (
  `id_tessera` bigint NOT NULL,
  `data_rilascio` datetime(6) DEFAULT NULL,
  `donatore_utente_codice_fiscale` varchar(255) DEFAULT NULL,
  `gruppo_sanguigno` varchar(255) DEFAULT NULL,
  `img_source` varchar(255) DEFAULT NULL,
  `numero_matricola` int DEFAULT NULL,
  `rh` varchar(255) DEFAULT NULL,
  PRIMARY KEY (`id_tessera`),
  UNIQUE KEY `UK_7g2tvyh5e8utvc4nvvuh9p95o` (`donatore_utente_codice_fiscale`)
) ENGINE=InnoDB DEFAULT CHARSET=utf8mb4 COLLATE=utf8mb4_0900_ai_ci;

-- Dump dei dati della tabella digitaldonation.tesserino: ~0 rows (circa)
DELETE FROM `tesserino`;
/*!40000 ALTER TABLE `tesserino` DISABLE KEYS */;
INSERT INTO `tesserino` (`id_tessera`, `data_rilascio`, `donatore_utente_codice_fiscale`, `gruppo_sanguigno`, `img_source`, `numero_matricola`, `rh`) VALUES
	(1, '2003-11-07 00:00:00.000000', 'EHESHV80N18V080R', '0+', 'LYRTUR.png', 3518, 'NEG'),
	(4, '1924-06-03 00:00:00.000000', 'HVKQTZ34V37O049L', 'A+', 'OSVTIBLXQ.png', 6997, 'NEG'),
	(5, '1979-09-23 00:00:00.000000', 'RNFGRK96L46R241W', 'AB-', 'SDWSPJJEG.png', 2746, 'POS'),
	(9, '1976-04-14 00:00:00.000000', 'EKKYSM56K11E432V', 'A-', 'IZEZCJ.png', 2391, 'NEG'),
	(14, '1938-10-02 00:00:00.000000', 'HZTFRR69Y53E887U', 'A+', 'JNQAYIEJ.png', 3113, 'POS'),
	(16, '1925-05-10 00:00:00.000000', 'YMLDRA75H86Q857N', 'A-', 'JRGFCM.png', 5458, 'NEG'),
	(19, '1975-02-24 00:00:00.000000', 'LSUFIK58S50F052F', 'AB+', 'YJGRYV.png', 1990, 'POS'),
	(22, '1991-05-23 00:00:00.000000', 'JUSSZO38Y64P328D', 'A+', 'SYZBRUHA.png', 6659, 'POS'),
	(23, '1920-06-23 00:00:00.000000', 'JNNOKP28I33M255P', 'AB-', 'ONPSVDWB.png', 6212, 'NEG'),
	(25, '1966-11-24 00:00:00.000000', 'KYORCH18N04E694M', '0-', 'CWMIQ.png', 6703, 'POS'),
	(27, '1944-01-02 00:00:00.000000', 'WIWPIR22S46P162C', 'A+', 'BKANILFW.png', 3783, 'POS'),
	(32, '1911-10-13 00:00:00.000000', 'KGLAGO90F03Z395P', 'A+', 'MQKEBLOSM.png', 2435, 'NEG'),
	(35, '1995-07-07 00:00:00.000000', 'YAWPNU67P87H661T', 'AB+', 'ZHMOHMHN.png', 1639, 'POS'),
	(41, '2017-08-07 00:00:00.000000', 'DKGXQG91F07T532H', '0+', 'MRKDIY.png', 7632, 'POS'),
	(47, '1925-03-02 00:00:00.000000', 'KYOXON45J51E833E', 'AB-', 'RENSGNAOU.png', 2299, 'NEG'),
	(51, '1920-07-08 00:00:00.000000', 'FFBFMV99K35E544V', '0+', 'VYLGOLXZV.png', 3013, 'POS'),
	(55, '1944-05-17 00:00:00.000000', 'CVAFEN56G50L608J', 'A+', 'BYQGSNFJT.png', 6689, 'POS'),
	(58, '1939-09-01 00:00:00.000000', 'PXEVFV64C16J278Q', '0+', 'QEBAS.png', 7565, 'NEG'),
	(62, '1956-05-17 00:00:00.000000', 'VPTEGU58F87O795C', '0-', 'OKMPOHTK.png', 4711, 'NEG'),
	(66, '1947-03-19 00:00:00.000000', 'ERJOYC67U49Y622K', 'A-', 'RSUJMEC.png', 2929, 'NEG'),
	(70, '1911-03-22 00:00:00.000000', 'CYZYWV21R84N426W', '0+', 'SVOJUGCD.png', 7281, 'POS'),
	(72, '1924-08-29 00:00:00.000000', 'TSFAZR93T80D574B', '0+', 'GOUYYIRUY.png', 4710, 'NEG'),
	(78, '1919-01-16 00:00:00.000000', 'FYDGBM20W14L781H', 'A+', 'LUJZD.png', 2318, 'POS'),
	(81, '1958-11-18 00:00:00.000000', 'ZPFJMC81O50Z377I', '0-', 'JLTVDRLZY.png', 1811, 'POS'),
	(83, '2002-02-17 00:00:00.000000', 'QZDHYC42K85M903X', 'AB+', 'XMWNNP.png', 4867, 'POS'),
	(89, '1962-06-09 00:00:00.000000', 'BQGUBO62T16K776H', '0-', 'QROQUNKU.png', 1853, 'POS'),
	(93, '1926-04-19 00:00:00.000000', 'NIPKKA20A32C526R', 'A+', 'IEOSSX.png', 5941, 'POS'),
	(94, '1972-08-28 00:00:00.000000', 'HNYOOP53X83R565G', 'A-', 'PMABPJF.png', 6445, 'NEG'),
	(96, '1935-11-30 00:00:00.000000', 'UEVNUZ73B62D521G', 'AB+', 'TXTBQQE.png', 7838, 'POS'),
	(100, '1976-07-03 00:00:00.000000', 'SXLAKF10D07S991U', '0-', 'OEQKP.png', 7296, 'POS'),
	(105, '1952-09-21 00:00:00.000000', 'ZRUYJN12K70Z681J', '0+', 'TCVZO.png', 5903, 'POS'),
	(107, '1964-06-12 00:00:00.000000', 'MPTVHJ27L72B905X', '0+', 'PZYQOPP.png', 5835, 'POS'),
	(111, '2013-08-06 00:00:00.000000', 'MLZRYO20X41O391O', 'AB-', 'BNAHAKI.png', 4796, 'POS'),
	(113, '1994-04-12 00:00:00.000000', 'VSFDDP62E98S737C', 'A+', 'WKQEIECXL.png', 4801, 'POS'),
	(117, '1935-02-24 00:00:00.000000', 'MXKUPH11P26R753C', '0-', 'CIIHVZA.png', 4815, 'NEG'),
	(123, '1933-01-13 00:00:00.000000', 'RVBUEA04T39X585V', 'AB-', 'OKOUO.png', 3665, 'POS'),
	(124, '2006-02-15 00:00:00.000000', 'MCLMXJ62X22Z633B', 'AB+', 'RINAO.png', 5319, 'POS'),
	(128, '1919-05-08 00:00:00.000000', 'BACFZJ30W01B064A', 'A-', 'XCUESPSYK.png', 5813, 'POS'),
	(129, '1946-02-11 00:00:00.000000', 'LPQGYI87L84G111N', 'A-', 'XOYLKYEW.png', 6726, 'POS'),
	(135, '1985-01-23 00:00:00.000000', 'FCDSHE86J75F550L', 'A-', 'ETNQHFN.png', 947, 'NEG'),
	(136, '2003-01-17 00:00:00.000000', 'ZUWJAK79Y05L761H', 'A-', 'UBEOSOR.png', 7280, 'NEG'),
	(141, '2003-03-17 00:00:00.000000', 'TEIDGN50P51P651E', 'AB-', 'YLXNFZGOE.png', 3312, 'NEG'),
	(144, '1976-12-05 00:00:00.000000', 'XWOZTM34P28X021A', 'A+', 'LKWZHI.png', 6355, 'POS'),
	(146, '1933-09-29 00:00:00.000000', 'OALSQB70H27W927D', '0+', 'WZVHEG.png', 5137, 'NEG'),
	(147, '1941-03-06 00:00:00.000000', 'AWFUQT67H98P615A', 'AB+', 'ZBYKQV.png', 2841, 'NEG'),
	(150, '1991-07-01 00:00:00.000000', 'AFVYFK93D92R363S', 'AB-', 'UTYEL.png', 2217, 'POS'),
	(155, '2003-03-08 00:00:00.000000', 'YGJFQY50G96R607R', 'AB-', 'QBVSBP.png', 3452, 'POS'),
	(157, '1941-07-31 00:00:00.000000', 'YJSPCC50I75K652F', '0+', 'ZRUFUC.png', 883, 'POS'),
	(160, '1965-10-30 00:00:00.000000', 'VJXILT22M84V252W', 'A-', 'YAMTRZH.png', 1190, 'POS'),
	(163, '2017-01-18 00:00:00.000000', 'EFZFNV90C72Z277J', '0+', 'JRGYMMXMN.png', 5961, 'NEG'),
	(169, '1906-07-15 00:00:00.000000', 'XXFDOA86N99K795K', 'A+', 'XUNRES.png', 4224, 'NEG'),
	(175, '1933-05-13 00:00:00.000000', 'QVCTNE15J86E205V', 'AB+', 'RFCAYD.png', 7676, 'NEG'),
	(180, '2019-02-18 00:00:00.000000', 'WEAVWP50W26O761R', '0+', 'RPHRRUAVA.png', 4777, 'POS'),
	(182, '1946-11-03 00:00:00.000000', 'PPOHAJ68Z21S059Z', '0-', 'IHBQGR.png', 3580, 'NEG'),
	(186, '2015-09-22 00:00:00.000000', 'SWSZCV75L66S506L', 'A+', 'QENHDAVBV.png', 3464, 'NEG'),
	(189, '1967-09-22 00:00:00.000000', 'JJPBFH59Y20V253A', 'AB+', 'XLJBOUR.png', 2615, 'POS'),
	(194, '1944-02-09 00:00:00.000000', 'RNRKKD86C80K159M', '0+', 'OUDZD.png', 5555, 'POS'),
	(196, '1967-04-24 00:00:00.000000', 'HTXOVJ11L74X732N', 'AB+', 'BQAELPMZN.png', 5452, 'NEG'),
	(201, '1996-07-17 00:00:00.000000', 'CKETIE43I09M327E', '0+', 'NRVFPEMEL.png', 1032, 'POS'),
	(202, '1950-02-21 00:00:00.000000', 'UBMTJA07P32X372U', 'A-', 'SHDNHQP.png', 5771, 'POS'),
	(208, '1969-12-29 00:00:00.000000', 'LVRXGP59P44F878W', 'A+', 'WHLRTNIC.png', 5167, 'POS'),
	(212, '2006-05-16 00:00:00.000000', 'HTTMWG19Y83P698J', 'A+', 'WIUPTHC.png', 1902, 'NEG'),
	(216, '1942-11-26 00:00:00.000000', 'MCOUJQ60W66W881N', 'AB-', 'ZNDFEQ.png', 5705, 'POS'),
	(218, '1918-07-28 00:00:00.000000', 'HTVLPE67O62L811H', 'A-', 'RXTJBHNBE.png', 5091, 'POS'),
	(219, '1987-09-28 00:00:00.000000', 'SKGSHL03K50E965I', 'AB+', 'FGMUFK.png', 4026, 'NEG'),
	(221, '1946-12-05 00:00:00.000000', 'OQCKQH99A92U702I', '0+', 'SVWKQCADM.png', 6285, 'POS'),
	(222, '1901-03-17 00:00:00.000000', 'FDZGGE11A35B490A', 'A-', 'WOVMTNF.png', 4580, 'POS'),
	(225, '1997-03-02 00:00:00.000000', 'NNNMOH31F36T311E', '0-', 'JDIMD.png', 6766, 'POS'),
	(230, '2016-07-19 00:00:00.000000', 'PFPMAE65P20W431O', 'AB-', 'HADLRDSIS.png', 6802, 'NEG'),
	(234, '1999-04-03 00:00:00.000000', 'VWZZFS43Q13X736S', 'AB+', 'DZOYHV.png', 5322, 'NEG'),
	(240, '1950-07-23 00:00:00.000000', 'PDSYWC89Q03J935P', '0+', 'LGBXZ.png', 3804, 'POS'),
	(245, '2003-10-12 00:00:00.000000', 'ENYWPF63D00D154X', '0+', 'REIJXJJF.png', 2462, 'POS'),
	(246, '1979-09-23 00:00:00.000000', 'TOFILK81C40Z169S', '0+', 'CRHXYHOA.png', 2444, 'NEG'),
	(251, '1970-10-23 00:00:00.000000', 'LZTZJN13S03S207A', 'A+', 'NCREKF.png', 1341, 'POS'),
	(252, '1934-12-01 00:00:00.000000', 'KMOXWW87C49C263D', 'AB+', 'OWNDLC.png', 5855, 'POS'),
	(255, '1945-08-21 00:00:00.000000', 'WMPRUW60P90J055B', '0+', 'LYKDPFQHH.png', 3450, 'NEG'),
	(259, '2010-01-19 00:00:00.000000', 'NTKNOS08U41Y071H', 'AB+', 'TDWZXRUI.png', 6813, 'NEG'),
	(261, '1903-02-22 00:00:00.000000', 'ZQGLQP74R20O855P', 'A+', 'YLDFE.png', 4217, 'NEG'),
	(264, '1935-04-09 00:00:00.000000', 'XPYEKQ99O64N323R', 'AB-', 'GWJUE.png', 6683, 'NEG'),
	(267, '1912-09-19 00:00:00.000000', 'SETMNN26D99N050Y', 'AB-', 'QOKYBIS.png', 1897, 'POS'),
	(270, '1979-09-04 00:00:00.000000', 'UOHCTX45W65A026G', 'AB-', 'KELSUM.png', 5868, 'NEG'),
	(275, '2001-07-20 00:00:00.000000', 'TSFTOL46C30D344V', '0+', 'DEFDAJUE.png', 7756, 'POS'),
	(277, '1923-01-29 00:00:00.000000', 'ZUBTNJ74P20Y975X', '0-', 'PXTQUHOCJ.png', 4011, 'NEG'),
	(279, '1990-09-29 00:00:00.000000', 'QQPXXL23V71R956Y', 'AB-', 'MMIWN.png', 7484, 'NEG'),
	(283, '1980-09-27 00:00:00.000000', 'YPVJYK52U30B615A', 'AB-', 'NEWVZIO.png', 1648, 'NEG'),
	(288, '1955-11-30 00:00:00.000000', 'SXIQIH36C24C090J', '0+', 'JZQVXPKCM.png', 3406, 'NEG'),
	(290, '1927-09-19 00:00:00.000000', 'PQJKXR80D59K507X', 'A-', 'LGXWVP.png', 7721, 'NEG'),
	(292, '1996-01-28 00:00:00.000000', 'BFSZTH25F21K178U', 'A+', 'SUQTPP.png', 1394, 'POS'),
	(295, '1903-03-22 00:00:00.000000', 'NSAALH87J91E742Q', '0-', 'JEYWUHKGM.png', 1561, 'POS'),
	(299, '1953-07-07 00:00:00.000000', 'PBZYQE98W02E585K', '0-', 'VYLQAOMUL.png', 4823, 'POS'),
	(302, '1960-02-01 00:00:00.000000', 'GLHMIF97F43P225N', 'AB+', 'OJFCAS.png', 4717, 'POS'),
	(306, '2006-09-09 00:00:00.000000', 'ZWYWJJ38G27T273H', 'AB+', 'BDHPKD.png', 2048, 'NEG'),
	(308, '1989-08-13 00:00:00.000000', 'GHUBGY48D60N904B', 'AB+', 'AXKBHPLF.png', 1666, 'POS'),
	(310, '2012-12-31 00:00:00.000000', 'MHXCYX71U59C672A', 'A+', 'XGFDZAEZ.png', 6989, 'NEG'),
	(316, '1905-06-11 00:00:00.000000', 'QAEUQX96P44L761F', 'AB+', 'WYXHBDSVP.png', 4185, 'NEG'),
	(319, '1998-07-09 00:00:00.000000', 'NLIWGQ52S82Q723O', 'AB+', 'YXBBEUBH.png', 5800, 'POS'),
	(324, '2007-08-18 00:00:00.000000', 'TPLPNV43Q33C494Q', '0-', 'CYTUBN.png', 6717, 'NEG'),
	(325, '1916-11-18 00:00:00.000000', 'IKCCZW15K74Y701P', 'A-', 'UQQQRBH.png', 6312, 'POS'),
	(327, '1987-07-20 00:00:00.000000', 'SOAGLO77N49P691K', 'AB+', 'HFUGZUNX.png', 4141, 'POS'),
	(329, '2018-10-30 00:00:00.000000', 'QMASPH15B38Q392G', '0-', 'VQXDQ.png', 6023, 'POS'),
	(333, '1965-04-05 00:00:00.000000', 'AJKMOD35A40K867E', '0+', 'SHVIE.png', 1930, 'NEG'),
	(336, '1936-02-08 00:00:00.000000', 'OXAKQG36Q84W507G', 'A+', 'TRDKJNU.png', 5116, 'NEG'),
	(338, '1980-03-24 00:00:00.000000', 'ZVGMZY69M71K055W', 'AB-', 'CPVVLCMAZ.png', 1860, 'POS'),
	(341, '1946-02-03 00:00:00.000000', 'DWXWPB02W05O085O', 'AB+', 'VRKWDSTOZ.png', 6707, 'POS'),
	(343, '1989-06-20 00:00:00.000000', 'TDCATG99T78O924B', 'AB+', 'YNIFXIENH.png', 4326, 'POS'),
	(348, '1994-08-27 00:00:00.000000', 'SCZEQX81A73H880K', '0-', 'FNXCMCLLK.png', 7827, 'POS'),
	(349, '2013-09-07 00:00:00.000000', 'MNWBJG07J57X043Y', '0-', 'NROMUOIYC.png', 4430, 'NEG'),
	(351, '1943-10-02 00:00:00.000000', 'KFAOUW74U66Q630Z', 'AB+', 'ORWASO.png', 4407, 'NEG'),
	(355, '1998-10-03 00:00:00.000000', 'YAFTMZ17M37K123A', 'AB+', 'AVYGOTG.png', 1006, 'POS'),
	(361, '1980-08-26 00:00:00.000000', 'BFRWOS90X98H075B', '0+', 'HEJLG.png', 3601, 'POS'),
	(366, '1980-11-03 00:00:00.000000', 'AHBNHC83M13I261J', '0+', 'ALUTQ.png', 5437, 'POS'),
	(371, '2009-12-10 00:00:00.000000', 'ZKIUXY81Q24Z403L', 'AB-', 'WHSIHSCKI.png', 3915, 'NEG'),
	(373, '1949-12-13 00:00:00.000000', 'GYIVWS99P39E092O', 'AB+', 'ELBDU.png', 7893, 'NEG'),
	(377, '1994-11-07 00:00:00.000000', 'JDAIYE74B09H743L', '0+', 'BBQRZSFED.png', 7295, 'NEG'),
	(380, '1934-07-18 00:00:00.000000', 'TIVDOA69B67N551U', 'AB-', 'VBIMWUK.png', 7331, 'NEG'),
	(385, '1906-06-19 00:00:00.000000', 'EBTPJH49L76P939F', 'A+', 'INCFNOL.png', 6703, 'NEG'),
	(390, '1988-11-24 00:00:00.000000', 'PGSJYY26I42B774F', 'A+', 'SLGIDDQVU.png', 5585, 'NEG'),
	(394, '1991-11-05 00:00:00.000000', 'YNFANF70R56E082M', 'AB+', 'DIMDVIU.png', 5554, 'POS'),
	(397, '1908-10-08 00:00:00.000000', 'TIHAZD08X40C247N', '0-', 'MNQZJSO.png', 6936, 'NEG'),
	(400, '1912-03-27 00:00:00.000000', 'HREEVJ44P45B566Z', 'A-', 'BIAXJZ.png', 1854, 'POS'),
	(406, '1947-03-19 00:00:00.000000', 'BBIUXL60D78H950B', '0+', 'KRDNH.png', 5377, 'NEG'),
	(410, '1922-11-26 00:00:00.000000', 'WHWAIC33K28J984Z', 'AB-', 'ILYXF.png', 7065, 'POS'),
	(412, '1955-08-26 00:00:00.000000', 'ZOXAIS37W86Z656R', 'A-', 'JHAUE.png', 7393, 'POS'),
	(414, '2004-07-28 00:00:00.000000', 'TYZTRU13N03I166C', 'A+', 'NVMUD.png', 3893, 'NEG'),
	(418, '1900-07-29 00:00:00.000000', 'IGOJUD98I55A020Z', 'AB-', 'UONUDCM.png', 7072, 'POS'),
	(420, '1985-06-07 00:00:00.000000', 'ZHXWNM92Y05L077H', '0+', 'SOQGRKW.png', 3573, 'NEG'),
	(425, '1992-10-15 00:00:00.000000', 'DYATEG46L07Q419A', 'AB+', 'TCAGHMHYG.png', 4997, 'NEG'),
	(429, '1906-05-24 00:00:00.000000', 'XAPELK37L51Z655P', 'AB-', 'JIYVZF.png', 5828, 'POS'),
	(433, '2004-04-09 00:00:00.000000', 'VBUKWW95Y78G930J', '0+', 'GCWJA.png', 3719, 'NEG'),
	(435, '1920-10-23 00:00:00.000000', 'EEXDPP87I09M615E', 'AB-', 'AEGBGUN.png', 7155, 'POS'),
	(439, '1998-09-13 00:00:00.000000', 'IHSIFM83C57X089Q', 'A-', 'MLXZWGYMD.png', 2673, 'NEG'),
	(441, '1910-10-20 00:00:00.000000', 'UXTUUO70K89C665W', 'AB-', 'AOUHC.png', 7714, 'NEG'),
	(444, '1926-07-16 00:00:00.000000', 'HFWPWQ41Y16X157V', '0-', 'FNIIZLG.png', 2534, 'NEG'),
	(449, '1910-02-02 00:00:00.000000', 'KXAHKA39C00D967R', 'AB+', 'GWIDNQSC.png', 3147, 'NEG'),
	(452, '1978-12-17 00:00:00.000000', 'HSLRBZ35K46T549P', 'A-', 'EGTXEO.png', 4564, 'NEG'),
	(457, '1913-03-27 00:00:00.000000', 'SSAGYW77P44B440O', 'A+', 'QZVPHPI.png', 4146, 'NEG'),
	(458, '2002-01-22 00:00:00.000000', 'ZNMSKL27W05H166B', 'A+', 'YSIXQLLBU.png', 3283, 'NEG'),
	(460, '1970-12-29 00:00:00.000000', 'ZWNCCM80J84C503C', 'AB+', 'VBWIPPLV.png', 7250, 'POS'),
	(462, '2013-06-28 00:00:00.000000', 'JYEXMD91H91A027K', '0-', 'EPZPEFZ.png', 4909, 'NEG'),
	(463, '1987-02-12 00:00:00.000000', 'TKBTCN80M39M342F', 'AB-', 'RLLKWX.png', 3417, 'POS'),
	(466, '1977-11-13 00:00:00.000000', 'LIFZNH68S64D466S', 'AB-', 'HBOLGZ.png', 1267, 'POS'),
	(471, '1957-01-14 00:00:00.000000', 'ZJTLWL54Z20B417G', 'AB+', 'BJHDKP.png', 5024, 'NEG'),
	(474, '1959-10-17 00:00:00.000000', 'BUIXIH76W74B605D', 'AB-', 'WVJYQPXJJ.png', 3213, 'POS'),
	(476, '1975-09-23 00:00:00.000000', 'WDKQMB48Q20G087F', 'A+', 'THGDIBL.png', 5451, 'POS'),
	(480, '1916-10-31 00:00:00.000000', 'QOVNUK66K47T322D', 'A-', 'MOWAHTD.png', 5445, 'POS'),
	(486, '1992-07-04 00:00:00.000000', 'AZTBKC83Y25Z303E', '0+', 'KSTUKIF.png', 2556, 'NEG'),
	(490, '1996-10-23 00:00:00.000000', 'YNQMJU15L75S125B', 'AB+', 'VINWBL.png', 2148, 'NEG'),
	(491, '2013-12-20 00:00:00.000000', 'QQAEIQ27R82P473J', '0-', 'ZSRGKQ.png', 1664, 'NEG'),
	(495, '1902-03-23 00:00:00.000000', 'YFCUHU63E19G970A', 'A-', 'LOGLDSSNW.png', 6444, 'POS'),
	(498, '1987-01-28 00:00:00.000000', 'RXQSXO27W05J971T', '0-', 'TKWKAR.png', 7248, 'NEG'),
	(503, '1955-02-15 00:00:00.000000', 'EUUZRE58D71P072D', 'AB-', 'FJOEIKJ.png', 4293, 'NEG'),
	(506, '2003-07-18 00:00:00.000000', 'LGQCDZ39S62R524N', '0-', 'WXTUQ.png', 2394, 'NEG'),
	(510, '2008-05-28 00:00:00.000000', 'LXIKPS32L45J856E', 'A-', 'UABIPENR.png', 7456, 'NEG'),
	(512, '1923-03-29 00:00:00.000000', 'SGJTBR16Y78Y760U', 'A-', 'ABEPL.png', 1635, 'NEG'),
	(514, '2011-06-23 00:00:00.000000', 'BQFVYV98U71D281I', 'A-', 'XRUCBK.png', 3697, 'NEG'),
	(519, '1984-11-30 00:00:00.000000', 'SYIPBE01T82J065N', 'A-', 'SOLHJV.png', 4021, 'POS'),
	(523, '1914-01-22 00:00:00.000000', 'KCYZZV85J99J252G', 'A+', 'GSOYVUXZM.png', 7264, 'NEG'),
	(527, '1985-03-07 00:00:00.000000', 'AMHHFK66X35X152S', '0-', 'REYWLPHT.png', 4230, 'POS'),
	(531, '1905-03-10 00:00:00.000000', 'RZXWAS84Z73J050K', 'AB-', 'EUCJAEL.png', 5677, 'NEG'),
	(534, '1960-10-23 00:00:00.000000', 'RYAXQS14C40W465Y', '0-', 'NIXFV.png', 910, 'NEG'),
	(538, '2004-11-28 00:00:00.000000', 'ZELPMC16H21J054V', 'AB+', 'JBMLKTC.png', 3593, 'NEG'),
	(540, '1948-11-18 00:00:00.000000', 'LWISSZ32C20O290G', 'A-', 'TDDYK.png', 7963, 'NEG'),
	(544, '2000-05-04 00:00:00.000000', 'INKGIQ59W40V967B', 'A+', 'VIPAZB.png', 3564, 'POS'),
	(546, '1979-10-30 00:00:00.000000', 'JXWLMH57F64D472R', 'A+', 'YJEKRIJ.png', 1953, 'POS'),
	(548, '1935-04-21 00:00:00.000000', 'YNJVYE56M16H536J', 'AB-', 'ODYSOUTFX.png', 4448, 'POS'),
	(552, '1985-03-26 00:00:00.000000', 'WQRCVT98G54R822M', 'AB-', 'XUAGYQTP.png', 3606, 'POS'),
	(553, '1974-03-06 00:00:00.000000', 'GSIZMP92X03T709Z', 'AB-', 'MBLKDR.png', 5068, 'POS'),
	(556, '1983-03-19 00:00:00.000000', 'AZWAOP80H95J395R', 'AB-', 'IULEGT.png', 6663, 'POS'),
	(557, '1999-05-04 00:00:00.000000', 'RIDLBK50O10T367Q', 'A+', 'QYGWBO.png', 6762, 'NEG'),
	(558, '1970-08-10 00:00:00.000000', 'NJLPYG11U86K883Z', 'AB-', 'EBESXBD.png', 1292, 'POS'),
	(562, '1934-02-10 00:00:00.000000', 'POYBEF35S03C909L', 'A+', 'CKOFEIZKJ.png', 1402, 'NEG'),
	(566, '1939-03-17 00:00:00.000000', 'APHTVF05Y70J314W', '0+', 'PEJHITTC.png', 2421, 'POS'),
	(568, '2018-06-21 00:00:00.000000', 'OOQIHM92G07U584S', 'A-', 'KVNTXZ.png', 5869, 'NEG'),
	(574, '1940-01-29 00:00:00.000000', 'YHXGTE83O39Y177X', 'AB-', 'NFUIGDYF.png', 6224, 'POS'),
	(577, '1987-09-28 00:00:00.000000', 'UGCPUJ58C69F403F', '0+', 'BIHTVZ.png', 4489, 'POS'),
	(581, '2013-10-21 00:00:00.000000', 'YIWTOH27M69B672Q', '0-', 'BWGTYGTK.png', 6313, 'POS'),
	(584, '1958-07-14 00:00:00.000000', 'UZDHFC39F24G585U', 'AB+', 'XARTFE.png', 2951, 'NEG'),
	(588, '1922-11-05 00:00:00.000000', 'BBHUWF24Q72F632P', '0+', 'QOJKLTQH.png', 4913, 'POS'),
	(590, '1960-01-24 00:00:00.000000', 'YFXBGG35F66W353B', 'A+', 'PLDFW.png', 841, 'NEG'),
	(594, '2015-08-16 00:00:00.000000', 'TLQHVC77A58P625J', '0-', 'KSSAYUQYZ.png', 2894, 'NEG'),
	(596, '1949-07-30 00:00:00.000000', 'UPRHUT23R27U544X', 'A+', 'LTQKNMNM.png', 7427, 'NEG'),
	(598, '1900-08-07 00:00:00.000000', 'LPNUMP00R93U286T', '0-', 'DOMFDGFWU.png', 3942, 'NEG'),
	(601, '2007-12-10 00:00:00.000000', 'KTLQJP40Y47R532W', 'A+', 'SNBNQ.png', 6805, 'POS'),
	(606, '1963-01-01 00:00:00.000000', 'IXXILO63M74W224C', '0+', 'HVNNPP.png', 7050, 'NEG'),
	(610, '2000-01-13 00:00:00.000000', 'BFGAZD53X95J307F', '0+', 'QYEDCQ.png', 6504, 'NEG'),
	(616, '1967-06-19 00:00:00.000000', 'NLYJDP47G95M587Y', 'AB-', 'HXBRYIIRB.png', 3416, 'POS'),
	(621, '1922-10-04 00:00:00.000000', 'NYOSTT04C92X952P', 'AB-', 'IHTMYP.png', 2506, 'NEG'),
	(625, '1956-08-27 00:00:00.000000', 'ZMTNKF81F40V438R', '0-', 'HVMDGRVC.png', 7185, 'NEG'),
	(627, '1939-11-03 00:00:00.000000', 'YTGXKF99V58L016G', 'AB+', 'MSGXOSK.png', 2597, 'POS'),
	(631, '1947-06-06 00:00:00.000000', 'XRZXKS75V35Z547L', '0+', 'CKXSXRA.png', 2314, 'POS'),
	(635, '1966-08-09 00:00:00.000000', 'GKWZGK46B73P156A', 'A-', 'SOUTB.png', 6293, 'NEG'),
	(641, '1905-04-18 00:00:00.000000', 'JPBPIY72E75O545M', 'A-', 'LIUDNL.png', 6184, 'NEG'),
	(645, '1958-10-23 00:00:00.000000', 'XFOVLY03D23N341L', 'A-', 'EWMDP.png', 7141, 'NEG'),
	(648, '1923-05-23 00:00:00.000000', 'GZXGTS60C92R380D', 'A+', 'ORZDYN.png', 6443, 'POS'),
	(652, '1920-10-03 00:00:00.000000', 'OPBYOU57G38L010V', 'AB-', 'IIFEXCF.png', 6783, 'NEG'),
	(658, '2012-03-15 00:00:00.000000', 'WWWRMH21E08P500X', 'AB+', 'NFHOU.png', 4755, 'POS'),
	(662, '1951-12-27 00:00:00.000000', 'ICWNWG87I83N201D', 'AB+', 'QWTWOU.png', 7266, 'POS'),
	(665, '1988-11-29 00:00:00.000000', 'TRSWNS18U90B200F', 'A+', 'OLLZUEVT.png', 2357, 'NEG'),
	(671, '1998-12-16 00:00:00.000000', 'QKKRRO14H31X886V', 'A+', 'PLOBBDS.png', 1547, 'POS'),
	(674, '1985-04-09 00:00:00.000000', 'WDYHYT37E05W802X', 'AB+', 'ACMQYQCE.png', 5574, 'POS');
/*!40000 ALTER TABLE `tesserino` ENABLE KEYS */;

-- Dump della struttura di tabella digitaldonation.utente
DROP TABLE IF EXISTS `utente`;
CREATE TABLE IF NOT EXISTS `utente` (
  `codice_fiscale_utente` varchar(255) NOT NULL,
  `cognome` varchar(255) DEFAULT NULL,
  `email` varchar(255) DEFAULT NULL,
  `nome` varchar(255) DEFAULT NULL,
  `password` varchar(255) DEFAULT NULL,
  PRIMARY KEY (`codice_fiscale_utente`),
  UNIQUE KEY `UK_gxvq4mjswnupehxnp35vawmo2` (`email`)
) ENGINE=InnoDB DEFAULT CHARSET=utf8mb4 COLLATE=utf8mb4_0900_ai_ci;

-- Dump dei dati della tabella digitaldonation.utente: ~0 rows (circa)
DELETE FROM `utente`;
/*!40000 ALTER TABLE `utente` DISABLE KEYS */;
INSERT INTO `utente` (`codice_fiscale_utente`, `cognome`, `email`, `nome`, `password`) VALUES
	('ABRBAK53R70D887T', 'KDOQU', '27QP0OQYVY@gmail.com', 'YFGOKDPE', 'f399eb7a8552c5cd8493492e64d31bb'),
	('ACNCZY45X38I793C', 'YNHCG', '9KPCCFZN76@gmail.com', 'CMSUNVE', '387cdc3ee61fe8faa7f9f1d9e670522c'),
	('AFCLCW22Z02F362J', 'TWYYGZKIG', '8PL25FCOAN@gmail.com', 'XMAWXLF', 'df2d62e17936f16a5a34f652eeaa8'),
	('AFKIWW94S77T163B', 'CMWPY', 'P2C4SD30YP@gmail.com', 'EMDPQWRK', '1db9461a9e32b51e7d522a6458bf79'),
	('AIEVGN44I74X492I', 'NJWVVYM', 'BOCOJB20Z1@gmail.com', 'AYCSN', '695d1de52f3815dec7ad3dd9e6e479ca'),
	('AJQJLS56M07J753M', 'NCQRTFUXV', '6JQR7J3Z6S@gmail.com', 'NLCIOZATV', '7330d02740363978ed3ffcee16ffcf34'),
	('AMTBQC45M52C400Q', 'ZXPMK', 'CFS4T6O523@gmail.com', 'QPRHB', 'f7ccfc3fe6d3135161cec6a0153752a9'),
	('AMWZEY46X20K485B', 'FAYMO', '6O4A3GVPC4@gmail.com', 'XSAHIWY', '3c771d18d7bd4dcdf3d5c1bcf4ea45ea'),
	('ANRYMC87A14O149N', 'CBCFYDK', '8V7G2PAVMJ@gmail.com', 'QALIAG', '5559fa66c13355378a222d4c76b7173'),
	('AOZDOS40J61Z599K', 'XFBAUQILI', 'ZQWJCIN3D6@gmail.com', 'WTWGMGM', 'e18b7572e658633ee44fe6db53744f70'),
	('AQZOCR18G00I387Q', 'IPPGCNJ', 'DHA6DBGGXY@gmail.com', 'SITSUOJN', 'b17916d62dd340878676a4444ad51eca'),
	('ASVTJJ76K75T780N', 'DNXOYEJS', 'YMI55XYX3G@gmail.com', 'XKJMKSU', 'f0aaa33c85f7dc117ba367a7e225535'),
	('AUMNCM18X04O772I', 'ETBBWRXU', 'U4FYSSGT71@gmail.com', 'PWYLZD', '6aafda747b1d20e85446d270d5612e'),
	('AUPTZX75E21Y698F', 'CGIDNOQC', 'SFBG7JFQ2C@gmail.com', 'MEGLXYE', '9c1a2d18bb9113bf731982c9991e89e'),
	('BADTSS96B80Y712H', 'UWFDXN', 'QE99EYGCTB@gmail.com', 'YZCDBLNFN', '8d9af8334775a39e66e16a4344dd7a87'),
	('BSDIGA33S44F574I', 'YHRPW', 'Z41DAYYU3F@gmail.com', 'WPEYJDIT', 'fae3466da34b57f12e294d08b80a1a'),
	('BSRZSP35I62U346C', 'QCNMCLFW', 'JAJPOHA3C2@gmail.com', 'XCWQRRGY', 'fa506f7c19cdbcd81e32bb556dbf7518'),
	('BXLDEV64R23F850I', 'KAOIMURIN', '7H15DJQOEO@gmail.com', 'LLNKB', '45b563ef05c48efebd6c5b61b56440'),
	('BXUMQW54E66K020J', 'EIOQC', 'A58TDWYMC6@gmail.com', 'HVCNG', 'ef5df2fcaff55e363baf7de0945d13c3'),
	('CCVQVK33G19V200E', 'GXHZMPI', 'IPNME4QH8P@gmail.com', 'CUREOH', '315fc41a44e73dc3b3aa48984c20a379'),
	('CHGDAO06U95U786O', 'VNTZD', 'BN1IYD1W05@gmail.com', 'XAFGZ', '697f9aa25477e9535a5f7fb59b8bf1'),
	('CJRWOS59E43S947J', 'ZZTUROSBX', '7RI1EGUBN4@gmail.com', 'ZVULTYU', '63830178c51bb40743aca3663d3f8'),
	('CNGJWF51U60J369V', 'SHPTZR', '4MZKJI0ARE@gmail.com', 'IGGCHARG', 'cf501ce7ec7f0ebddf7a25b8cb3920'),
	('CPQHVR51M18L075S', 'LPBZYCVI', 'CEEH0J7FCU@gmail.com', 'ROLPLVA', '46e73a765b5f501661625109abe135'),
	('CPZGOX92W55R634A', 'SAINNKJN', '5A9YNXKI9G@gmail.com', 'JJOBUXY', '96f23dcbb870b4531e5435be12cd553a'),
	('CQBRSZ33B55J432D', 'HFKOQI', 'FBUGC0AP46@gmail.com', 'BEJXOUB', 'd0bcb3ccf2d7f214d83f4e1d9a62abf'),
	('CRTELM03I78U973V', 'CKJSWYXT', 'OBHFYP8Q45@gmail.com', 'PWWGOUNV', '5a835d39ce3fdc888c6718e4339796'),
	('CTQPOF53B48I476X', 'TLFSOVGM', 'H1V72B1EVM@gmail.com', 'MFRVHWLII', '34167cb17e64ec0e17e13852b1956e'),
	('CYCSGW22E82G055S', 'OBLDL', 'X29W011FNE@gmail.com', 'ZRKVZCT', '3c6931afb68dabd1c88fcef2d0c8e05'),
	('DIEQVS99Z81U092J', 'GWUPW', 'OK152F75U7@gmail.com', 'JHGOTUG', '911c9990a7ff2fcd342aa33628893f3a'),
	('DIHDFM02V44Z910H', 'TMXYC', 'JYQKI945CE@gmail.com', 'WRZIE', 'c567846cbc4233d8a865b2dd973083'),
	('DOWWIV10J13W730R', 'RHWSP', 'NAI812NFDJ@gmail.com', 'DOSLIFK', '64de5e832415e4c433f36632ba62f5'),
	('DRWNBO41U54W681O', 'TTIPSK', 'BYM2H8QRJ1@gmail.com', 'FPNCTJFI', '2e346e26b24141a5d6e8ded8684c458'),
	('DSRFHG09R02U816Q', 'LRZNQ', 'KWXD9Q8JDS@gmail.com', 'OSDWPLZJ', '95ca385229062a7c3d9b826f7763fe8'),
	('DTJWPW63X82Q982X', 'EGYFIVFTD', 'KSPYRROTZP@gmail.com', 'CXGCLDXZ', '29ccfd994f839cbd0ba2eb9e94da6e3'),
	('DWKPHP74O23F109T', 'ZMSKKJPD', 'BCEKIDAZX3@gmail.com', 'NKTFPVZJ', 'ff6cb36f5a1dd9624688be6266dc48'),
	('EBQWWQ72N76K419P', 'UBOGKNC', '2WIPTN0GUD@gmail.com', 'LGOUCHZG', '767e2e161784295124c7544febbacf4f'),
	('EFPCWP42J08O567B', 'MBPNECY', '8NHSATYX3Y@gmail.com', 'QGIQSFX', 'c0b22d2c819c61f41b6b09ed8564dd2'),
	('EJDRLM98P69U647J', 'ASYWMF', 'KLHV635UEJ@gmail.com', 'IDGPHR', '9371f3d9660de20954e3f3409d7ca3'),
	('EPQUUS24M55U586T', 'UVTPGT', 'TE2HWKLQP2@gmail.com', 'QEQZTBWUY', 'efa4b9b72885f08cb01c7eff3f618896'),
	('ERXPPW88E58L155Q', 'DHIONC', '9W8P3CAJGH@gmail.com', 'MYAIHPN', '8b75c6c5c927efc5504147ef93d8d337'),
	('ETLHNP74E52P762H', 'IUMFCHPUZ', 'NLGKRRGRHB@gmail.com', 'HBLFVQ', '43d19e766e4e405762bd2886b9b785f9'),
	('ETPKNY60D30A297C', 'BCCGIFMUL', 'M3XHJ54I53@gmail.com', 'SNGCQ', '1769a42472fff84b47f2861bc7c4c85'),
	('EYXTDG50U32Q553T', 'METOFESI', '7HQ4Q8V8XD@gmail.com', 'CZJZXDR', '7086a8e31cd7882b233133eea29725c'),
	('EZQCAB88M99Q488E', 'BBHHAA', 'QK2XGE34CO@gmail.com', 'XWKFNY', '465e181927a88c5ea9e91b57905085'),
	('FBEZOF66R67M619Y', 'NKOVU', '93LYSUSDDW@gmail.com', 'DXKRE', 'abd24ef5ef75ee4ab79a84a6948bf412'),
	('FCQNTT79W71Y805W', 'KGQZAJ', 'GXM6LPOPSI@gmail.com', 'FHILDUEN', '50c181d2da2c62333a4674a674bbb666'),
	('FEVVNQ05P39L775J', 'ODJMR', 'Z63FFRQDLZ@gmail.com', 'AVFYLG', 'd07bc112615589b8cca2f76382822bd1'),
	('FJTPJG35T42X800K', 'XCXWMBEDE', '4T9XCFSUO2@gmail.com', 'LFQBL', '1502728b74f6a90461e0709cf343e6'),
	('FJZMGJ64N58U909W', 'DBLSHCSVY', 'C35TVCDWGH@gmail.com', 'AINCU', '55cba27b03c1eccc425d4ba2e99cc9c'),
	('FRAKOC90T28K005U', 'KJUNPM', 'ENPEC5UGXT@gmail.com', 'XCSESXBRH', 'eea5956c2652b3cea1466cb4a11d7db0'),
	('FSYFZQ05T16K383F', 'SJDIOURJP', 'AX2ZHBXB7C@gmail.com', 'UQVEBWSNW', '1abf7e86121b71d2bde66b9e4c5e610'),
	('FTZUCG23Z67L413J', 'FJCDPMEO', 'RVWAEHCTFB@gmail.com', 'ZNDYYJJM', 'ee31651021f511e5b1266e9a821d1e5e'),
	('FVKDHX64J34R654Q', 'SBNAYM', 'KQX5QQXUA1@gmail.com', 'UOQDE', 'c95776aef76c36f6713216bacc0c9ae'),
	('FXPEJP85M05Z429Y', 'VJCOEDQL', 'YDLBI0LH20@gmail.com', 'MQGFAZGJW', '7d43a6f694d59bccac57d8ababf26afe'),
	('FXRNXS07S51O975V', 'YLXJQM', 'DWJTKGFHF3@gmail.com', 'CGUIVTTN', '6f1ec13a5a75e5f080d9dbaa7173be6'),
	('FZYIZT43L29R816N', 'IXFZCR', '04C8T7TTI6@gmail.com', 'GGJSPL', 'fca9c6e51376235a6bab83a0198f'),
	('GDKWJG83L47B021Y', 'BVCPXQVQA', 'RJZO6UI8S5@gmail.com', 'RNQWMZ', 'fe27b9253bc86f76eaf2c7cb572c34e'),
	('GFLPZM21W42D576H', 'DIYKKZA', 'AJ1O5R314J@gmail.com', 'JOFJSOCQJ', '1f1b99fed0dfe166d6dae38a1c86f10'),
	('GJLZEM17Y26D613H', 'KEKFZ', '5T4RBQYF5U@gmail.com', 'XKRYRFUK', '3d4462ad49c227a03850e0f4827ffc15'),
	('GJQJVO90E95W685Q', 'PVUEYAZ', 'JF66A0O3M8@gmail.com', 'RRDDLPUL', 'd3812f57f6a40572e34f5849a385839'),
	('GKXQEO12G85E414C', 'VVISFGFO', 'YCFZY5D1XZ@gmail.com', 'BLMYKCOAB', '8552a531925e1d2b6904b584b57ab93'),
	('GSODKF52Q79J146F', 'PKLWVSY', 'SDGKY0QDDL@gmail.com', 'JRZQYNK', 'b294d8e541491a9ff7e54e99ffcb4bea'),
	('GSUKKX83D99T933N', 'QCVNUZAMP', 'X1WE1229OH@gmail.com', 'VVZHJMU', 'b6518efaa2a5c4ceac3060f023e6bb50'),
	('GTMADW46X69K845Y', 'ZADUZQA', '2P1KP7HBK1@gmail.com', 'LRWKGAV', '96866b93f2ac947275537e551ecafd2'),
	('GUTRRM05V65I471K', 'NGSTN', 'PFL7W01CID@gmail.com', 'HUIQKWEHE', '31375653705a7d2081cfcbe4a11127e6'),
	('GWDMCR67P92N206Y', 'RJURLJU', '3XMPED2L87@gmail.com', 'DMMTF', '8fe66e593174de413e23eddf5ca4c7e'),
	('HAQZYO62I08V198R', 'KICWIIQ', 'XNOEN4ADQQ@gmail.com', 'PANSISW', '398955f8755dfca7b47f9c729d5c986f'),
	('HBAYLA69K83T207M', 'XPOWELUR', 'Z325X5A63L@gmail.com', 'GSZEDPF', 'c47bc3f6d0929f2d173c887ce828359e'),
	('HIBETE99S52J688U', 'UHLAPP', '013829GF0F@gmail.com', 'GCEKSQ', '9c16219241f1a29d3af8eeb431834e'),
	('HJAXHW79O66V204S', 'JEWFEFTP', '3GMPXGC9VA@gmail.com', 'VNDPW', '3535c7656aa9652becb854dba134a2'),
	('HKAKIX77G56M068K', 'DOLCIHX', 'M6L66PKH6H@gmail.com', 'SQTUOOM', '743fb051dc3c3158a50abc8a89c3ab9'),
	('HKFHRG75Y14C209A', 'LZONFTSWB', '4BZ98GLZ2F@gmail.com', 'JNEFBW', 'c13b51367f7d74486b83524f1d5a22'),
	('HLOVUL79R56Z165M', 'YXUZUGXZI', 'G1PMUA2O2D@gmail.com', 'FCARLYCZ', '89baadca22d9de247871131abd56a4'),
	('HMLXEZ35F14T532L', 'VDJNDYK', '9RI0XWH4T6@gmail.com', 'RMXAZFPK', 'df1421bdfc68c3dcf8e7aacf6d1db'),
	('HNSWWR08U32I393Y', 'ASWZWNF', 'TC8STB3H0B@gmail.com', 'WWTRLNOBG', 'eff5b940cdb790e81cb26b98f2cc16f0'),
	('HYTYOC55C92X967F', 'VXLNIVDSQ', 'NAQUQ7DQR5@gmail.com', 'FOHYSHZ', '5a62a134dd1911efcc5c9d1d5d3412'),
	('IBJGHX86V61M241E', 'SIJDFCW', 'YWYUDUHPCL@gmail.com', 'BAIYER', 'b4e4463e4ebea562dbf33d5e523f2e5'),
	('IBKYQY32J05R774N', 'BPOLUK', '9AP2W42I7Z@gmail.com', 'PXNYQ', 'de7e2f60d43373c9cbf791b5f5c66b2'),
	('IGWTIV89I11A167I', 'NZFLM', '066FTO6NGD@gmail.com', 'BSQPKK', '99a6f6715c4f7dc150d76531b3bf73de'),
	('IIYNRE75S69L971E', 'KAHSY', 'IRXUIXOLWK@gmail.com', 'DNTNI', 'b71e5faec7ab6d5ea0d173a88bb0d69a'),
	('IKKIGU30K80W872U', 'XMRXJP', '10R83N1UF7@gmail.com', 'FYUGBZSWV', '414d2b3e1fc48407bc7e1dae22cf3'),
	('INJTXK08I21Q383G', 'UWOHSMCN', 'GP7Q3S25TG@gmail.com', 'XLAUQO', 'a769ca6a53c01c4e45375888fab5bcaa'),
	('IPZTZK21U52F309R', 'MDGZZDQ', 'NWGCDSTHKN@gmail.com', 'OBUYS', 'be855ac23c183c3fdb6dc53dde5e3a4'),
	('IUYHMV72L70X094G', 'ZJIGA', 'Z1354KZC41@gmail.com', 'FBUSG', '9ee3bc76b814d39bf3b891ada836a0'),
	('IVBCIL23S54K284Q', 'CONHUJML', 'JQYTVM1GNJ@gmail.com', 'HTSME', '14a6def5a9f261ced8991d7cfcb6eb72'),
	('IWENOT24H92I664U', 'IGUIEQP', 'WY9TC9PVDF@gmail.com', 'FOSSKHRH', 'f53d5b2741ba71d99b12c47960473e'),
	('IWSNKZ87T42T901C', 'WSEAXIHDH', '3HW3LBOM83@gmail.com', 'FVXJJXAH', '2543b9fade0391aecac5651d7d4b636'),
	('JCJXIW27C64O157P', 'GQZIAZBUP', 'KJQ9VGGT9J@gmail.com', 'XEGBD', '33da3613b493815ad68b7347eb2d166'),
	('JFPYUG81C64M351X', 'PTUDU', '2X2ZXHGHJI@gmail.com', 'MBBAKLME', '8142dd504258543c31fcddba3abb34b'),
	('JMUSKI16S32F908B', 'ODDFYNM', 'VVG029GCFL@gmail.com', 'ORFSK', 'be43e35c9b5799b77a8a01552daaf64'),
	('JXCDVG56H51B806C', 'KEHSPCMGD', '1OFGR352FT@gmail.com', 'YVGPDXVJH', '156786a529af959bf4ae562fa2b5cb'),
	('KACTCK80Z15K017D', 'HBOZSRB', 'HLMM6MOL12@gmail.com', 'AJOGB', '4fa4fe2c45de5a75aaaf4f87575a'),
	('KBOTMG40S82X356W', 'EMQCNSRJ', '6G8KQVUFAL@gmail.com', 'FCWQPL', '63745c98c183ff2de3abca43edc2f668'),
	('KGGALM00L79V027Y', 'JNXANTO', '21OAK9OKOP@gmail.com', 'ICDRZTZ', '6c1947c501d56bee8426b87bf8974'),
	('KLWKXR65E26Y719U', 'AEIRPVPSW', '18MD94TFK2@gmail.com', 'AQDJHCVAJ', 'f2c1bc7cc8949dcc6748fd3a85f1798c'),
	('KUJNYJ89Q70W122U', 'CSQDXOPUP', 'BIOOLOZEZN@gmail.com', 'VUDXMEYUK', 'fb15588ae5e41eda46c5c7a5cfb759b'),
	('LCSSLB82K07W738K', 'HECSTHBG', '1VOY4T89VZ@gmail.com', 'TKUFNH', 'f5cc51e6c98a2c7bf28599904403cc'),
	('LEQXMH35X84R190L', 'HQUOY', 'XDWV0NL7PW@gmail.com', 'GQAWOJOC', '14bbb1a25eb9d7b469fa5596ece98475'),
	('LERGCP55L07Q153O', 'NIVZDCJ', '5EOWCO06YQ@gmail.com', 'NPGKN', '33bc1dac5a22d23549b4b2325d716db'),
	('LHFVQH78Z66H669M', 'KRVJO', 'OKMXQVKL0K@gmail.com', 'XEDBKX', '7b847125142ca1ffbac528a8e1593351'),
	('LMFNLD52F75Z670K', 'ORAILYF', 'Q4OQ742GLB@gmail.com', 'PKEMLWZXB', '5ba45e5893e3a1bcbb90c63c8e4411'),
	('LQGBZM63G26Z012A', 'CJAEI', 'EPOJ2R08TF@gmail.com', 'LUQWY', 'bce8ad5dd632ee5140e5fd88ecdc603f'),
	('LUOPCG95S31N907C', 'HHPXBXT', 'I94RVS0OM3@gmail.com', 'TMPHYFGDG', '77fb8722ba9c9ba8e6823ab2bcd2c3e1'),
	('MAULEE40Q51U339O', 'TTLIZSQJY', 'VO3Q9RL8V8@gmail.com', 'MCRFUUR', '3cc1e3fa899fab7ae23db5ccf75ba31f'),
	('MCZZEI10X58A139Z', 'SOSXEIZSD', 'TY2O22GR5M@gmail.com', 'AGPBQHECF', '61b7375cd6f31ece43abc99198eda571'),
	('MKDMPW68X18X526N', 'YRBXB', 'QVSAXKW9AG@gmail.com', 'SCOCIZ', '1532efa5f5eb3ff4b8f97619401e13'),
	('MKIGKK85F60Z902C', 'GKFOQRDA', 'HTZAILCCOY@gmail.com', 'QKECJ', '3c1a84929849f96c1ca1b1e7c1341c42'),
	('MKNJQV76G86G783F', 'MWJCU', '7UQ5DPVC2J@gmail.com', 'ZJGVHNIA', '68f7e11dc2a6e5c563f58dec5edb5fc0'),
	('MMRDCZ43P66U748R', 'NXJQJVM', '4LOXG88ODA@gmail.com', 'SPUZQJSS', '431563d8761c415729e5edda5fad9424'),
	('MPFOGV51O71N203Y', 'IOECGYLD', '2KSGFORW9J@gmail.com', 'KLUECCSLU', '9e144bf9fcca88c996d21f594f3475e'),
	('MPZROG24I74N151S', 'DOMKGEGSM', 'YB3YZQBS9B@gmail.com', 'IVCLWWK', 'f22745cee1e63a45b5e433b90db74d6'),
	('MQMEDD18A47S046C', 'EWWAR', 'NM7QBO22B0@gmail.com', 'RWCBX', '1d2fb136cd26ff69cdb178327887599d'),
	('MTNDWJ94D05F474U', 'GUJTDLMGN', 'MYI0X3A4W4@gmail.com', 'DGNLVUZYC', '6d4fabc5c3fcf564efd11488db5178d1'),
	('MWCZZR57R80B899O', 'GPDIEAYFV', 'O6SJ07MKJB@gmail.com', 'EEHGC', 'edbaf0de4a9e62e1235a2e32d84d904e'),
	('MZKPLY91G82X226G', 'XYZAHMILB', '5DKQRGLS1M@gmail.com', 'SGGYJSF', 'c44ecc761f2ece4944a7e57f78b1d87'),
	('NJHYOR32P99L899G', 'BUGNPAUIC', 'BA98BZBQEK@gmail.com', 'OUJOLNST', 'e91762f29c568ebba3464633cb74b4'),
	('NOAUUU95T61N042C', 'JFYCRKR', 'XLTDNZ6H5U@gmail.com', 'OLIMQELRD', 'fa5438b1c85eae18a92a39b24e87c8d5'),
	('NOCIJU71Z27G599J', 'NELZTBL', 'J9ZFV30FVH@gmail.com', 'CTZPDI', '22becd5348139175b9e3408190fce4'),
	('NQIHEZ50U90H229L', 'RWPICVH', 'WM2PSZPQJ5@gmail.com', 'PZMIESSNC', 'd1337c2f2dce83ef11ac32567435155a'),
	('NXCJGB59S74L521A', 'PMBHKPTK', 'OZFXFA6F0D@gmail.com', 'ZIXYMQHFA', '4ae3cf00168cc26f396c12e325'),
	('NXPDHF06G04T929Z', 'AXNETG', '1L8R7Z8FHL@gmail.com', 'QVPRIH', '87b71d7f743161987c6967c613a31b37'),
	('NZPWDK43V04S397Y', 'ZGGPPRIK', 'GY873QUUJJ@gmail.com', 'IKYRMDPPO', 'f0bbc08c1c42a2105a5458e4f31c771e'),
	('ODFBOM50I89S383O', 'ENJOAZZF', '4MD6KGG2K1@gmail.com', 'IGTSVKOY', '5ee86f2221ddaa516c968a6ba121acd'),
	('OEICRO17Y45Y955D', 'OGVSDHASJ', 'ZSWGWZ0A4X@gmail.com', 'GTNXCC', 'b662e6d37bbbfa3ba1413f148d16ff51'),
	('OIERKJ04M22W495L', 'ABDKUZDN', '4ZTQ8TL5Z9@gmail.com', 'SUTZJDKS', '599d8a350846b4338fd43ef6098d8'),
	('OIKPQU44W63N339Q', 'FMODRXVJ', '3QZA32I9VJ@gmail.com', 'EQTOGLX', '1a9e1cf7d998c4f1deb4dd4d42cecce6'),
	('OKJDKE97C93H492W', 'GZTZA', 'HLWADO3XRX@gmail.com', 'NOCKWSLV', '1d3781a4fd34c3fc751ea8d5f1ecf89'),
	('OKOWMG99W27B336Y', 'CEJIU', 'OESORYY44N@gmail.com', 'UYAMFQWP', 'ed10d986b91d593dc930c3dab7e74216'),
	('OLQNUY32Z27L774A', 'IOWWU', 'GAXQM9ZNE2@gmail.com', 'ZYXKNMEBT', 'aea4bd12d0a6b51afc27ed78b664c3c'),
	('OMFLLZ32U12K296N', 'ANIVL', 'PJXNAZVURG@gmail.com', 'KNLSQ', '2fdcee6b5871b3d72641a4ef428387a7'),
	('OMNXHO82S27R749I', 'OSLRWVOH', 'ZOBG29J9MH@gmail.com', 'UYEHMXQ', '1577f11b4834a1a3876f5eea09f3051'),
	('ONAPQT01E54N539S', 'PJUDZEK', '63UQY2EZZ1@gmail.com', 'UUTCKZ', '924b51662091104a591ce20f34fa298'),
	('OOOIIX69H53P278A', 'IGJMKU', '9OP82T10QR@gmail.com', 'UCEXMBWJJ', '6593204945ded9d2f0d4676d2754e94c'),
	('ORQVWO77Y86Y948D', 'AFFIIS', '79JBBMHKKA@gmail.com', 'FOKWRBQT', 'ff9349e77122adb246084ba45d6dcfe'),
	('OUJWKH69L34J200B', 'ZGRWQBRE', '6UM2QF9QX5@gmail.com', 'EHALCVJ', '78780af14c99e5d38335fb92c9d3b'),
	('OXPBKL22D39C789P', 'EOEEHO', 'BZ3GSYSWYX@gmail.com', 'AVLUQQAGU', '217d3cac9a1915c4a6bf153d6521f17'),
	('OXPBUM72Q11Y515T', 'YZNIOBRPU', '2GAXA4QP50@gmail.com', 'NDKWCDNJ', 'e088b2a0367ece5616a76fd4c9f6c474'),
	('OYAHEF81M30W237F', 'GFVJVHY', 'PQHPR7R207@gmail.com', 'AKMUHP', '8854a7bafabd1a460ca6b505a9fd2ed'),
	('OZINRJ31B04N744J', 'JADXOM', 'TW7UPORHZC@gmail.com', 'NWLKHK', 'a51af0704c858675360c76938753299'),
	('PAVLXJ68M88G891R', 'JKATG', 'A2XCUGZFFF@gmail.com', 'OAGTPQTZ', '53c7ce0ad7b1c23a5a229398ed3aae'),
	('PDVANF94E04O348K', 'DZIZKBNJE', 'GB5KFKV4H8@gmail.com', 'BSHEX', '988bcb3748c086d09938ffe8d81cdb3'),
	('PEGNWZ95Q16X184L', 'JIUFZN', 'VGHP97DNNS@gmail.com', 'GLWDEBT', 'eea526f6a785ac48f898458f52db536'),
	('PFSZCZ89B67G251S', 'UNJTJXZEI', '99Y9Z11BUR@gmail.com', 'KQSVM', 'f8c4be581b6989346796fcf88c6fe68'),
	('PIBGIC97O60F916U', 'WKXNGAM', '8D81GXJE1Y@gmail.com', 'NKMASDTBB', '40792ddde3897bd665274e93fc88bf3'),
	('PJANPY63Y82W321N', 'XALURJ', '09ZA735U2F@gmail.com', 'VXAIT', '36a514651ef24d5ca4b6e792c72c5ac1'),
	('PJJJJY72F22V517E', 'CJISEGVRK', 'LCAN0ODT17@gmail.com', 'GUAVSPKKL', '2d72818921fb2468c34ff6eb8e5bfe'),
	('PVAURT63M65R625C', 'JMKQT', 'I36UOP2NVN@gmail.com', 'CSSIHA', 'a7bed3fbd0919eb238d3f1427a4e5da'),
	('PVXDUP73N32L516P', 'IPFSFJ', '7CUHZLY2SJ@gmail.com', 'UXFPD', '8813eb484f9c916711873379bd76d624'),
	('QFGPEN86A70J090Q', 'HMCIHO', '6ZUDAE7AD7@gmail.com', 'TEMNRY', '71804fcc20ebe72ec8ed7d7baccb362c'),
	('QISWRD17C05D102O', 'XKQSTDMQ', 'OL8NABV111@gmail.com', 'SMPQD', '4ab25fa750a2d368298ba93ac41b059'),
	('QKEUZV45B87S193P', 'XUFUYOUSV', '2Z1UN76S43@gmail.com', 'UPIHC', '519eaa78e4897766d6a817b2efe9be'),
	('QQRFLF61I22G815E', 'YWPDSR', '9KKF4FFFVL@gmail.com', 'RROCAVKOJ', '88d623345ebb2b62218fb78b9c22e771'),
	('QRIKGC82U99E075V', 'SBLHFHW', '7XVZNJOZIJ@gmail.com', 'ZCVDEO', '21863abf43d13863c62bd47207e133c'),
	('QVBPUH43D17M505X', 'DEJSYSS', 'HDVNU3BRP7@gmail.com', 'VMQFAP', 'ca10e8501cdb775a112b5948731eabc'),
	('RJTEHX70E64H813F', 'QISPAUVDR', '5UXHQNOWAF@gmail.com', 'AYEVFZT', '36b4cfa5fff495a21ecfeb2bae5562'),
	('RMDJZM34Z55D892O', 'YSBNIC', 'IYBSXTJQQN@gmail.com', 'OMGKJMSTO', 'cc98d9bf575e7bc6e90c8a51fb8ea32'),
	('RMSQOJ76J94H426P', 'LAYZKAHQE', 'AX0SS4GMSU@gmail.com', 'XZXQTXQC', '5c376ed35d30a756ababdc29d8eb4315'),
	('RMYRKZ78G13I613A', 'MZFWQK', 'XCOKRG7VWF@gmail.com', 'EYKBBKL', 'fac116d93b1f80e6d7f61fb8d307369'),
	('RWSDKA85C96N935A', 'BLYUWVAXB', 'F46LMEPXGO@gmail.com', 'DTTCJVCYK', '4c4afd189df8e057813c209d7cc1ba92'),
	('RXBZXW01O95S065X', 'KMSAZ', 'GN59YB9QC4@gmail.com', 'CYBBLZ', '43bba67e4b8644c979d7254af347a3bc'),
	('RZMXHF87E76B749L', 'FMFVZRXNB', 'GM0WQ5EFYF@gmail.com', 'HQZFF', '7b89278b1d8ff54c9222cad3e8a0d180'),
	('SBCZCR89D44T109X', 'IZOOBJSQ', 'OJEM9BFFBU@gmail.com', 'BPUMAC', 'dff516346362db4d7ded5f3084584c'),
	('SFRIHY31R29A967R', 'IYDBOEGFS', 'B5RB1IBU45@gmail.com', 'EFDAUND', '149e69918258ccdbe537c8c152dffd5'),
	('SFUDKA52Z20F536J', 'RWJYLPYLQ', 'HE27WPOB59@gmail.com', 'RDDGGJOVZ', '4282f53742465d83aedea74fe7ae45'),
	('SNLGHM96N81Z900P', 'LSZMXQ', 'Q69VXGOLXB@gmail.com', 'RBPLGL', 'fca496df9e65277f61fd9d2fe3d57'),
	('SNXTNF57Y98S239V', 'EQCQIMT', 'L3E583YRTD@gmail.com', 'ECJOJA', 'a92efc9c32bf22c167f69d126ae3a418'),
	('SNZOUN56E28B783E', 'ETFRJCLW', 'MU8WPS5OYA@gmail.com', 'VKPQGCH', 'b01f894d73ba99606618ffabe59'),
	('SVVZGT69A78N465Q', 'LVCIZSH', 'GS7RREZPR5@gmail.com', 'XEOJJIJ', 'e2b93f87c8af512fbb4f18294eafce72'),
	('SXZLPF13V53G737U', 'ZDOZUKB', '8XLTS5GLQ1@gmail.com', 'OGZRABRJI', '9b457913bf5f96fcdc55cce53dd7747'),
	('TBXZOH82E70F819P', 'ATNJQHEM', 'Q1QFM7UGRX@gmail.com', 'MHPME', '856d5ddf2951364fc76772ed753f'),
	('TEBSGN67P86N048I', 'XUDBFKC', '89QA2A3MOI@gmail.com', 'SCQGENZTC', 'e2dce26df5177eb6a79abd973bcadd8'),
	('TELAHN26K91G621F', 'QZHFPKD', 'ZAUPQ5ICR4@gmail.com', 'LEWHXHJ', '108b690883c555ec85088cd40f8'),
	('TMWIBA75N14Y647K', 'OGBEVWGXF', 'BHZ2QY9TZN@gmail.com', 'XLSBD', '1741c056fbe55685635cf1e2c30733d'),
	('TNMMNU69Q38K304K', 'DQNAGRMO', 'GXJQXOKIQ0@gmail.com', 'PPQEXZIKA', 'b4ee466877e941efc59f52a1dbd7720'),
	('TQOMBT73D10O537I', 'JWQYRNWXM', '43PB5QPRZT@gmail.com', 'SIZMWQ', '991324779774030705b4dfd8099b54'),
	('TTQGBS35D82A338S', 'KQAPHEFYF', 'KBTAYJXFYB@gmail.com', 'AWXQTHNWG', 'e8a7eb632ce5b4171b337f817f93ab'),
	('TVNHZB09V39M656U', 'HFIJW', '2MXP8SIPMZ@gmail.com', 'POPWWCVMG', '11bcc9e5dde46dd3edc239f6cefab4'),
	('TWYKJM89I20W098X', 'GNWMQXZ', '2AQQ8MW3W3@gmail.com', 'FXUDNDWN', '4863deaabeb4c2319d9191991cabb32d'),
	('TYFCMX34C99W419U', 'VPVCRIUP', 'ZRZ90INUG9@gmail.com', 'ZFVUDSLP', 'e8a7e11fa5b9a9673f53e03afd9efb'),
	('TYWZIS87Z46E155B', 'XFANINE', '4YEXAJKHN1@gmail.com', 'HOPCWYLSY', '49e775ed1329c19c6ea92c1555ec7ec'),
	('UAIQAH29X91Y254N', 'YUXDFYTT', '1OD6QHSNH8@gmail.com', 'SLJMZJ', 'f325cb74b4cb9aa792be0e6698fc61'),
	('UAWLPA37B77W581L', 'AZMELOEZB', 'BTMAG1TYFB@gmail.com', 'FYYZZ', 'e79c52c45eb6e2fc51dd0088c4aacb'),
	('UBFGVB53N01X584O', 'XUZIRBJZ', '28LX624FMJ@gmail.com', 'QKRHWFFN', 'cf487357bd2d0bf2e2a257b922f1aa'),
	('UDYAEX82E96Y414Z', 'CLECDUJQB', '2G7W184ZJD@gmail.com', 'HXOZOOA', 'eb5467cbb7bd77168bb74d519756e4d'),
	('UFDBMC22M12X575H', 'HWPGZI', 'V0BYBQ9FWS@gmail.com', 'HOBQC', '8a1ed2674018972e4f2351529906b63'),
	('UIQYXQ93S30U602K', 'ITRURINXK', '5TNKW8ME5A@gmail.com', 'KKPLZYMS', '1d84b4494ba86da178a22fc1736ea1'),
	('UMIHVS98B02M803N', 'IYRGETAL', 'ZANRQ3MJ8Q@gmail.com', 'VRGWNFN', 'c45b33d293f0a53da595df2384eb97aa'),
	('UNLOFV17Z72C061S', 'THYPWZNQL', '9S7ZN0QLA4@gmail.com', 'AJTJAX', 'ced37648764640cf5f4345fa0955e3d'),
	('UNWZUU22C93M711O', 'USWAA', '82X5KFTB0Q@gmail.com', 'CVCMG', '4445bc7cdd5759849c5bad2b38852c1'),
	('URIZLT80N33R070Y', 'SBQPSYFXT', 'VJRT0ZAYJ3@gmail.com', 'EUSJXQEH', 'fbdc973b9f8afe4cf8495622011e49e'),
	('UXKOTD97E55L578D', 'IMIIH', 'LMVXS7T3BY@gmail.com', 'QJQZU', '306e59b562cc85812b7d1f8d49254488'),
	('VETDUZ73X56K305L', 'WQDEEQV', 'C1ROK0BSG4@gmail.com', 'RYYOFHQ', 'bbba74fbe74789fd8e834639131828'),
	('VLNVVS97W01P636W', 'ZYULLFTDN', 'N8L53UYOG8@gmail.com', 'LQXMIY', '9f687afb7cf9716f24e418fc68ec037'),
	('VMFXQK81J71F406D', 'RASPQUH', '9FVYZVWD6E@gmail.com', 'EHPYKWLA', '8e63f212be90559825239e74de3536d'),
	('VNJBTI04Q19G634V', 'ZNXYT', 'B57WJHWKZN@gmail.com', 'GHTNMDXB', 'cb411574e12b5e7b67f853b7fea7d'),
	('VNJIGP43W10L504I', 'CADNVBOU', '06OSEE1YVZ@gmail.com', 'EWYHOAF', '4106164fe70b48cd45290b52869995'),
	('VQUXZY80D23L085F', 'QKGFCTG', 'R3RLFZCPTG@gmail.com', 'XYCKLCCB', 'bea625b7248cef8b513321cb515bf966'),
	('VUVXIA94R68J392R', 'FNBWXNLL', '60TMHQ65VP@gmail.com', 'MRFAQPRP', '27ccc6f2a389abcc95dcfb7f75f1f6d'),
	('VVITXU29Q14Z877L', 'XTITS', '6TVFFPGOXV@gmail.com', 'NTYKRVJER', 'efa44177bc7c76d62a93d657a09eeb2'),
	('WETDCF27X03E199L', 'HUNRYJ', 'LQN6WNRVFZ@gmail.com', 'KGIODKC', '87fa864a1ae17f43a0fb94a749a8de19'),
	('WIYPHE01J01W518Y', 'NEWLPW', 'BH167DXY0I@gmail.com', 'OCLFHWLLW', '355a02755cc93da44d2759675b8fc96'),
	('WNWEDS81P07G121A', 'VLLKNK', '0OEF0JOJPS@gmail.com', 'LIOBH', '26adae3ffcf3f49af8fdf2e37dafc7fb'),
	('WOKVOS23M86W827Z', 'UDYAVC', 'CJNGGSN7V4@gmail.com', 'LTSUR', 'a96a146fef36cae5536f88923d847f8'),
	('WXZFUC62C69U420N', 'ZPTQT', 'J0U2TMZ2S1@gmail.com', 'NIYTDSRMI', '90d5e2af775feb10b3f61b678b748cfa'),
	('WZFRIU67K80Z050D', 'WSOTSHIOB', 'QFLQ3H5FF3@gmail.com', 'PHHHG', '1798992998ab93514bd27f8c909c179d'),
	('WZTFXI03E76N263P', 'CZXFFO', 'MT806EN1V6@gmail.com', 'IKGIEHYB', '8c1d9a4d5a94fede9cfc99b0994d1aa9'),
	('XGFLGV04I07H097Z', 'DVUAGM', 'H9YFNAPKKQ@gmail.com', 'VRHFQV', '98ecb45e8634a478d315888eb2502e13'),
	('XIHQJM44H42A258B', 'YUCUIR', '0DAEU6YNWX@gmail.com', 'LUGZTY', '9a6f21af5cc18727561d9ce2e6e7cb6e'),
	('XKBFBI14I92T076B', 'NNJWDV', 'T86TTCGVRO@gmail.com', 'ZWWAAWFV', '5e5c93636e7ee72ad61a119ab774aa'),
	('XKMNCD84J32I697Z', 'WHCLPW', '4044I9JZTY@gmail.com', 'EHASYHLEH', '2722e492d9d87be7c8d115889e9114'),
	('XTSAJE48T70F647U', 'CFHQUSRZ', '7QATR0O436@gmail.com', 'FVPKLF', '9a73e0f3ad4b443051eefa6c57a320'),
	('XYGNWB69C96U044D', 'BRCHXHG', 'H8TO1PGR2I@gmail.com', 'SCBCX', '9fe438d4f7c7aaf8850ee572b8db6'),
	('XZGIGS27H67V477P', 'SQLCE', 'LEV12MJ2NH@gmail.com', 'TYDEEU', '7379ec2cd134223fc7734a77b6bbd19'),
	('YEDDFT28T74M903N', 'JBHDJXLV', '4OD0KBRQBP@gmail.com', 'FIRBKEEB', '74a94bf8c5f3f2f4b916b4f42afa9f29'),
	('YEDGZK87F05Q016W', 'DPWVJPACP', 'M080XBCRYX@gmail.com', 'RSOPOLXDZ', 'b622f3ea45d429d7f4c0779f5978e5'),
	('YGTYDK37P40Z395L', 'KVNWG', 'XZ271P8WV2@gmail.com', 'ENRSDYR', '3059ed833130279ec16a1ed82776'),
	('YGUSCZ78A62D145W', 'KBOWHTOT', 'VOAV1WHO95@gmail.com', 'QFGYOAYPZ', '1343cb22cf9dffb49f81a7560d768e0'),
	('YMVPPS88P64Z371B', 'KJKTTQTOW', '9QTFU55YTO@gmail.com', 'YJANDGF', 'edcef8fe095c4ee149a42ccd7f7f54'),
	('YQELJK33K33N984S', 'MISSE', 'SFF9OW0GGN@gmail.com', 'NIOCW', 'f548117af5efcdc72eb1a4c54d153ce'),
	('YRGRID44G71K419N', 'OCOCEXIRO', 'A0YA6RI1RY@gmail.com', 'EMRLYYTU', '71678089f7ee788de2a66baffe259e'),
	('YWTZEE28H83I988S', 'AZDZDVYYE', '7TDO5MCA71@gmail.com', 'OGEQUAZLZ', '8e2a8c7564f8808982ca271c79dc8'),
	('YYBIVS32W60P363A', 'CEIMY', '2QG8KZIJ07@gmail.com', 'JSBBTX', '468cb8f01c17f5ca9bbc391d04177a6'),
	('ZINMEA60S84U503K', 'DYGAYRG', 'Q8G8LWKTLK@gmail.com', 'IFMIO', 'fc8265e4d14aca5b7925ff9369a2749'),
	('ZJDGXE58R79E725K', 'TDAEH', '6TLDHDX4UT@gmail.com', 'LPXOWIEGS', 'ad714dce4be658db1e83dc1ed66bed'),
	('ZNWOCQ02K45T351J', 'RTYQXBDC', '0WFR8LV87S@gmail.com', 'YUWETA', '4d424a6d367065199eb1b978b72e1b9b'),
	('ZOIHEV75J70E000A', 'VKKYKCC', 'IXDJVYJHIP@gmail.com', 'FZAPIH', '195cba9ec7a6693f7a226a959db187f'),
	('ZWWKHN19G87U931O', 'IUYVRCT', 'D16S9SXIIK@gmail.com', 'NOMIK', '7c7da88131b71db7b3adf6efef637'),
	('ZXTXIT88L92J699V', 'IEBNRSJ', 'SH8J8RJSY1@gmail.com', 'ATENA', '7d73fd47d8fbf11f6682dc7c57a0ff9'),
	('ZYJCXM21D37Z603D', 'ZLBJHIUF', '0OC4SRGRNG@gmail.com', 'ENYGMIKSD', 'f5eab2d2e321e140519c64ef1c61e3c3');
/*!40000 ALTER TABLE `utente` ENABLE KEYS */;

/*!40101 SET SQL_MODE=IFNULL(@OLD_SQL_MODE, '') */;
/*!40014 SET FOREIGN_KEY_CHECKS=IFNULL(@OLD_FOREIGN_KEY_CHECKS, 1) */;
/*!40101 SET CHARACTER_SET_CLIENT=@OLD_CHARACTER_SET_CLIENT */;
/*!40111 SET SQL_NOTES=IFNULL(@OLD_SQL_NOTES, 1) */;
